"Key","Item Type","Publication Year","Author","Title","Publication Title","ISBN","ISSN","DOI","Url","Abstract Note","Date","Date Added","Date Modified","Access Date","Pages","Num Pages","Issue","Volume","Number Of Volumes","Journal Abbreviation","Short Title","Series","Series Number","Series Text","Series Title","Publisher","Place","Language","Rights","Type","Archive","Archive Location","Library Catalog","Call Number","Extra","Notes","File Attachments","Link Attachments","Manual Tags","Automatic Tags","Editor","Series Editor","Translator","Contributor","Attorney Agent","Book Author","Cast Member","Commenter","Composer","Cosponsor","Counsel","Interviewer","Producer","Recipient","Reviewed Author","Scriptwriter","Words By","Guest","Number","Edition","Running Time","Scale","Medium","Artwork Size","Filing Date","Application Number","Assignee","Issuing Authority","Country","Meeting Name","Conference Name","Court","References","Reporter","Legal Status","Priority Numbers","Programming Language","Version","System","Code","Code Number","Section","Session","Committee","History","Legislative Body"
"PGQ4DYF6","journalArticle","2021","Abinaya, S.; Devi, M. K. Kavitha","Enhancing Top-N Recommendation Using Stacked Autoencoder in Context-Aware Recommender System","Neural Processing Letters","","1370-4621, 1573-773X","10.1007/s11063-021-10475-0","https://link.springer.com/10.1007/s11063-021-10475-0","Context-aware recommender systems (CARS) are a vital module of many corporate, especially within the online commerce domain, where consumers are provided with recommendations about products potentially relevant for them. A traditional CARS, which utilizes deep learning models considers that user’s preferences can be predicted by ratings, reviews, demographics, etc. However, the feedback given by the users is often conflicting when comparing the rating score and the sentiment behind the reviews. Therefore, a model that utilizes either ratings or reviews for predicting items for top-N recommendation may generate unsatisfactory recommendations in many cases. In order to address this problem, this paper proposes an effective context-specific sentiment based stacked autoencoder (CSSAE) to learn the concrete preference of the user by merging the rating and reviews for a contextspecific item into a stacked autoencoder. Hence, the user’s preferences are consistently predicted to enhance the Top-N recommendation quality, by adapting the recommended list to the exact context where an active user is operating. Experiments on four Amazon (5-core) datasets demonstrated that the proposed CSSAE model persistently outperforms state-ofthe-art top-N recommendation methods on various effectiveness metrics.","2021-06","2025-10-16 00:39:27","2025-10-16 00:39:27","2025-10-16 00:39:27","1865-1888","","3","53","","Neural Process Lett","","","","","","","","en","","","","","DOI.org (Crossref)","","","","D:\ZoteroData\storage\6YLGNHKC\Abinaya and Devi - 2021 - Enhancing Top-N Recommendation Using Stacked Autoencoder in Context-Aware Recommender System.pdf","","","","","","","","","","","","","","","","","","","","","","","","","","","","","","","","","","","","","","","","","","","","","","","","",""
"2TRDL3DH","journalArticle","2023","Pughazendi, N.; Rajaraman, P.V.; Mohammed, Muzammil Hussain","Graph Sample and Aggregate Attention Network optimized with Barnacles Mating Algorithm based Sentiment Analysis for Online Product Recommendation","Applied Soft Computing","","15684946","10.1016/j.asoc.2023.110532","https://linkinghub.elsevier.com/retrieve/pii/S1568494623005501","Big data analytics is important in many businesses that use computing applications like real-time shopping and e-commerce. Big data is employed for promoting goods and improve connectivity betwixt retailers and customers. People today frequently utilize online promotions to learn about the best stores to visit in order to purchase higher-quality goods. This purchasing experience along opinion regarding the shopper’s shop can be observing through the customer-experience published across social media. A new customer requires information’s about manufacturing date (MRD), manufacturing price (MRP), offers, quality, and suggestions while searching a shop that are presented by prior customer experience. The product cover or label already has MRP and MRD. The product details have been predicted using a variety of methods, however the information is not correct. To overcome these issues, Graph Sample and Aggregate Attention Network (GSAAN) Optimized with Barnacles Mating Algorithm (BMA) based Sentiment Analysis (SA) is proposed for Online Product Recommendation (GSAAN-BMA-SA-OPR). The data’s are collected from the data set of Amazon Product recommendation. With the help of GSAAN with BMA classify product recommendation as excellent, good, very good, bad, very bad. The proposed model is implemented in MATLAB, its efficiency of the proposed system is examined under performance metrics, such as mean absolute error (MAE), mean squared error (MSE), mean absolute percentage error (MAPE), accuracy, F-Score, recall, precision. The proposed technique attains higher MAPE 23.77%, 65.3% and 10.42% and lower MSE 42.15%, 29.64% and 32.48% comparing to the existing models.","2023-09","2025-10-16 00:39:31","2025-10-16 00:39:31","2025-10-16 00:39:31","110532","","","145","","Applied Soft Computing","","","","","","","","en","","","","","DOI.org (Crossref)","","","","D:\ZoteroData\storage\2KDN4G87\Pughazendi et al. - 2023 - Graph Sample and Aggregate Attention Network optimized with Barnacles Mating Algorithm based Sentime.pdf","","","","","","","","","","","","","","","","","","","","","","","","","","","","","","","","","","","","","","","","","","","","","","","","",""
"Q8J3HIEC","journalArticle","2022","Rabiu, Idris; Salim, Naomie; Da'u, Aminu; Nasser, Maged","Modeling sentimental bias and temporal dynamics for adaptive deep recommendation system","Expert Systems with Applications","","09574174","10.1016/j.eswa.2021.116262","https://linkinghub.elsevier.com/retrieve/pii/S0957417421015712","Recommendation systems rely on the historic data of users’ purchases and their feedbacks to profile their preferences and make future recommendations. Most of these systems usually employ Collaborative Filtering (CF) models to analyze users’ ratings and infer the latent factors which represent the user and item features in kdimensional latent space. However, the historical rating data used for recommendations are usually sparsed and unbalanced. Various approaches have been used to resolve these issues by combining the user’s ratings and reviews to better capture the user’s sentiments and make accurate recommendations. Other challenges comprise changes in users’ preferences and items’ perceptions over time. Therefore, this paper presents a new Sentiment Scoring Model (SSM) based on Long-/Short-Term Memory and a combination function that catches the sentiment bias between user rating and review to relieve the sparsity and unbalanced dataset. Next, we proposed an Adaptive LSTM (ALSTM) method that can model the drifting of user and item features to improve the recommendation accuracy. We show the performance of our model on the three real-world rating datasets from Amazon reviews, which comprises Fine Food, Baby, and Cell-phone & Accessories categories. The result shows the superiority of our proposed model over the existing static and dynamic models. The statistical test shows that all the performance gains are significant at p < 0.05.","2022-04","2025-10-16 00:39:37","2025-10-16 00:39:38","2025-10-16 00:39:37","116262","","","191","","Expert Systems with Applications","","","","","","","","en","","","","","DOI.org (Crossref)","","","","D:\ZoteroData\storage\I7FQJ64X\Rabiu et al. - 2022 - Modeling sentimental bias and temporal dynamics for adaptive deep recommendation system.pdf","","","","","","","","","","","","","","","","","","","","","","","","","","","","","","","","","","","","","","","","","","","","","","","","",""
"FRJLDPA7","journalArticle","2022","Paliwal, Shweta; Kumar Mishra, Amit; Krishn Mishra, Ram; Nawaz, Nishad; Senthilkumar, M.","XGBRS Framework Integrated with Word2Vec Sentiment Analysis for Augmented Drug Recommendation","Computers, Materials & Continua","","1546-2226","10.32604/cmc.2022.025858","https://www.techscience.com/cmc/v72n3/47476","Machine Learning is revolutionizing the era day by day and the scope is no more limited to computer science as the advancements are evident in the field of healthcare. Disease diagnosis, personalized medicine, and Recommendation system (RS) are among the promising applications that are using Machine Learning (ML) at a higher level. A recommendation system helps inefficient decision-making and suggests personalized recommendations accordingly. Today people share their experiences through reviews and hence designing of recommendation system based on users’ sentiments is a challenge. The recommendation system has gained significant attention in different fields but considering healthcare, little is being done from the perspective of drugs, disease, and medical recommendations. This study is engrossed in designing a recommendation system that is based on the fusion of sentiment analysis and radiant boosting. The polarity of the sentiments is analyzed through user reviews and the processed data is fed into the Extreme Gradient Boosting (XGBOOST) framework to generate the drug recommendation. To establish the applicability of the concept a comparative study is performed between the proposed approach and the existing approaches.","2022","2025-10-16 00:39:44","2025-10-16 00:39:44","2025-10-16 00:39:44","5345-5362","","3","72","","","","","","","","","","en","","","","","DOI.org (Crossref)","","","","D:\ZoteroData\storage\4ES5GMB5\Paliwal et al. - 2022 - XGBRS Framework Integrated with Word2Vec Sentiment Analysis for Augmented Drug Recommendation.pdf","","","","","","","","","","","","","","","","","","","","","","","","","","","","","","","","","","","","","","","","","","","","","","","","",""
"UVA2DQWE","journalArticle","2023","Elahi, Mehdi; Khosh Kholgh, Danial; Kiarostami, Mohammad Sina; Oussalah, Mourad; Saghari, Sorush","Hybrid recommendation by incorporating the sentiment of product reviews","Information Sciences","","00200255","10.1016/j.ins.2023.01.051","https://linkinghub.elsevier.com/retrieve/pii/S0020025523000518","Hybrid recommender systems utilize advanced algorithms capable of learning heterogeneous sources of data and generating personalized recommendations for users. The data can range from user preferences (e.g., ratings or reviews) to item content (e.g., description or category).","2023-05","2025-10-16 00:39:49","2025-10-16 00:39:51","2025-10-16 00:39:49","738-756","","","625","","Information Sciences","","","","","","","","en","","","","","DOI.org (Crossref)","","","","D:\ZoteroData\storage\GTWTKW9I\Elahi et al. - 2023 - Hybrid recommendation by incorporating the sentiment of product reviews.pdf","","","","","","","","","","","","","","","","","","","","","","","","","","","","","","","","","","","","","","","","","","","","","","","","",""
"K3N75N5L","journalArticle","2022","Cai, Yao; Ke, Weimao; Cui, Eric; Yu, Fei","A deep recommendation model of cross-grained sentiments of user reviews and ratings","Information Processing & Management","","03064573","10.1016/j.ipm.2021.102842","https://linkinghub.elsevier.com/retrieve/pii/S0306457321003149","The matrix factorization model based on user-item rating data has been widely studied and applied in recommender systems. However, data sparsity, the cold-start problem, and poor explainability have restricted its performance. Textual reviews usually contain rich information about items’ features and users’ sentiments and preferences, which can solve the problem of insufficient information from only user ratings. However, most recommendation algorithms that take sentiment analysis of review texts into account are either fine- or coarse-grained, but not both, leading to uncertain accuracy and comprehensiveness regarding user preference. This study proposes a deep learning recommendation model (i.e., DeepCGSR) that integrates textual review sentiments and the rating matrix. DeepCGSR uses the review sets of users and items as a corpus to perform cross-grained sentiment analysis by combining fine- and coarse-grained levels to extract sentiment feature vectors for users and items. Deep learning technology is used to map between the extracted feature vector and latent factor through the rating-based matrix factorization model and obtain deep, nonlinear features to predict the user’s rating of an item. Iterative experiments on e-commerce datasets from Amazon show that DeepCGSR consistently outperforms the recommendation models LFM, SVD++, DeepCoNN, TOPICMF, and NARRE. Overall, comparing with other recommendation models, the DeepCGSR model demonstrated improved evaluation results by 14.113% over LFM, 13.786% over SVD++, 9.920% over TOPICMF, 5.122% over DeepCoNN, and 2.765% over NARRE. Meanwhile, the DeepCGSR has great potential in fixing the overfitting and cold-start problems. Built upon previous studies and findings, the DeepCGSR is the state of the art, moving the design and development of the recommendation algorithms forward with improved recommendation accuracy.","2022-03","2025-10-16 00:39:56","2025-10-16 00:39:57","2025-10-16 00:39:56","102842","","2","59","","Information Processing & Management","","","","","","","","en","","","","","DOI.org (Crossref)","","","","D:\ZoteroData\storage\5ZWPFMXB\Cai et al. - 2022 - A deep recommendation model of cross-grained sentiments of user reviews and ratings.pdf","","","","","","","","","","","","","","","","","","","","","","","","","","","","","","","","","","","","","","","","","","","","","","","","",""
"DICT8N9C","journalArticle","2024","Ou, Wei; Huynh, Van-Nam","Aspect-level item recommendation based on user reviews with variational autoencoders","Information Sciences","","00200255","10.1016/j.ins.2024.120655","https://linkinghub.elsevier.com/retrieve/pii/S0020025524005681","","2024-06","2025-10-16 00:40:03","2025-10-16 00:40:03","2025-10-16 00:40:03","120655","","","671","","Information Sciences","","","","","","","","en","","","","","DOI.org (Crossref)","","","","D:\ZoteroData\storage\UHHUENF6\Ou and Huynh - 2024 - Aspect-level item recommendation based on user reviews with variational autoencoders.pdf","","","","","","","","","","","","","","","","","","","","","","","","","","","","","","","","","","","","","","","","","","","","","","","","",""
"NT9NBUEM","journalArticle","2023","Li, Xiang Jun; Deng, Geng Sheng; Wang, Xiao Zhen; Wu, Xiao Liang; Zeng, Qing Wei","A hybrid recommendation algorithm based on user comment sentiment and matrix decomposition","Information Systems","","03064379","10.1016/j.is.2023.102244","https://linkinghub.elsevier.com/retrieve/pii/S0306437923000807","In order to improve recommendation quality of recommendation algorithms, this paper proposes a hybrid recommendation algorithm based on user comments sentiment and matrix decomposition (abbreviate as RACSMD). This algorithm first calculates the sentiment tendency towards the user’s comment through the LSTM algorithm, and then integrates the sentiment value of the user’s rating to increase the accuracy of the user’s actual rating before combining the matrix decomposition recommendation algorithm to improve recommendation quality. This paper theoretically verifies the feasibility of RACSMD through an algorithm example. Moreover, corresponding experimental analysis is conducted on the basis of three data sets of Beeradvocate, Modcloth and Amazon. Experimental results show that the introduction to sentiment tendencies towards user comments can effectively improve recommendation quality of recommendation algorithms.","2023-07","2025-10-16 00:40:07","2025-10-16 00:40:08","2025-10-16 00:40:07","102244","","","117","","Information Systems","","","","","","","","en","","","","","DOI.org (Crossref)","","","","D:\ZoteroData\storage\B4X59LPA\Li et al. - 2023 - A hybrid recommendation algorithm based on user comment sentiment and matrix decomposition.pdf","","","","","","","","","","","","","","","","","","","","","","","","","","","","","","","","","","","","","","","","","","","","","","","","",""
"XVLK5EZL","journalArticle","2024","Latrech, Jihene; Kodia, Zahra; Ben Azzouna, Nadia","Twit-CoFiD: a hybrid recommender system based on tweet sentiment analysis","Social Network Analysis and Mining","","1869-5469","10.1007/s13278-024-01288-9","https://link.springer.com/10.1007/s13278-024-01288-9","Internet users are overwhelmed by the vast number of services and products to choose from. This data deluge has led to the need for recommender systems. Simultaneously, the explosion of interactions on social networks is constantly increasing. These interactions produce a large amount of content that incites organizations and individuals to exploit it as a support for decision making. In our research, we propose, Twit-CoFiD, a hybrid recommender system based on tweet sentiment analysis which performs a demographic filtering to use its outputs in an enhanced collaborative filtering enriched with a sentiment analysis component. The demographic filtering, based on a Deep Neural Network (DNN), allows to overcome the cold start problem. The sentiment analysis of Twitter data combined with the enhanced collaborative filtering makes recommendations more relevant and personalized. Experiments were conducted on 1M and 100K Movielens datasets. Our system was compared to other existing methods in terms of predictive accuracy, assessed using Root Mean Square Error (RMSE) and Mean Absolute Error (MAE) metrics. It yielded improved results, achieving lower RMSE and MAE rates of 0.4474 and 0.3186 on 100K Movielens dataset and of 0.3609 and 0.3315 on 1M Movielens dataset.","2024-06-27","2025-10-16 00:40:12","2025-10-16 00:40:13","2025-10-16 00:40:12","123","","1","14","","Soc. Netw. Anal. Min.","Twit-CoFiD","","","","","","","en","","","","","DOI.org (Crossref)","","","","D:\ZoteroData\storage\78UPQM83\Latrech et al. - 2024 - Twit-CoFiD a hybrid recommender system based on tweet sentiment analysis.pdf","","","","","","","","","","","","","","","","","","","","","","","","","","","","","","","","","","","","","","","","","","","","","","","","",""
"PMNCBBE4","journalArticle","2022","Poudel, Samin; Bikdash, Marwan","Collaborative Filtering system based on multi-level user clustering and aspect sentiment","Data and Information Management","","25439251","10.1016/j.dim.2022.100021","https://linkinghub.elsevier.com/retrieve/pii/S254392512200119X","A Collaborative Filtering (CF) method predicts an unknown overall rating of a target user towards an item based on the known overall ratings of the users that are similar to the target user. The similarity between two users is generally found based on their overall ratings toward items that both have reviewed. Two users may have similar overall ratings towards a given item, but different sentiments towards various aspects of the item. Understanding the effect of user sentiment towards speciﬁc aspects on overall ratings will sharpen estimates of user similarity as well as provide an rationale for making speciﬁc recommendations. We propose an Aspect-Sentiments based Multilevel Clustering of Users (ASMCU) approach that ﬁnds the multiple clusters of users similar to a speciﬁc user where similarity between users is based on various aspect sentiments. The proposed ASMCU CF approach can be used to predict both the overall ratings and the aspect-sentiments. The ASMCU based CF approach performed mostly better than and sometimes comparable to the eight well-established CF methods that rely only on the overall ratings or a particular aspect-sentiments. Note however that the ASMCU can also explicitly justify the recommendation in terms of aspect sentiments. We evaluated our approach using three datasets: One Hotel dataset and Two Beer datasets. The Hotel dataset involved six aspects and each Beer dataset has four aspects. Each dataset has one overall rating matrix and one sentiment tensor.","2022-10","2025-10-16 00:40:17","2025-10-16 00:40:19","2025-10-16 00:40:17","100021","","4","6","","Data and Information Management","","","","","","","","en","","","","","DOI.org (Crossref)","","","","D:\ZoteroData\storage\JV4F5AVF\Poudel and Bikdash - 2022 - Collaborative Filtering system based on multi-level user clustering and aspect sentiment.pdf","","","","","","","","","","","","","","","","","","","","","","","","","","","","","","","","","","","","","","","","","","","","","","","","",""
"5YVMTBUI","journalArticle","2023","Ibrahim, Muhammad; Sarwar Bajwa, Imran; Sarwar, Nadeem; Abdul Waheed, Haroon; Zulkifl Hasan, Muhammad; Zunnurain Hussain, Muhammad","Improved Hybrid Deep Collaborative Filtering Approach for True Recommendations","Computers, Materials & Continua","","1546-2226","10.32604/cmc.2023.032856","https://www.techscience.com/cmc/v74n3/50895","Recommendation services become an essential and hot research topic for researchers nowadays. Social data such as Reviews play an important role in the recommendation of the products. Improvement was achieved by deep learning approaches for capturing user and product information from a short text. However, such previously used approaches do not fairly and efficiently incorporate users’ preferences and product characteristics. The proposed novel Hybrid Deep Collaborative Filtering (HDCF) model combines deep learning capabilities and deep interaction modeling with high performance for True Recommendations. To overcome the cold start problem, the new overall rating is generated by aggregating the Deep Multivariate Rating DMR (Votes, Likes, Stars, and Sentiment scores of reviews) from different external data sources because different sites have different rating scores about the same product that make confusion for the user to make a decision, either product is truly popular or not. The proposed novel HDCF model consists of four major modules such as User Product Attention, Deep Collaborative Filtering, Neural Sentiment Classifier, and Deep Multivariate Rating (UPA-DCF + NSC + DMR) to solve the addressed problems. Experimental results demonstrate that our novel model is outperforming state-of-the-art IMDb, Yelp2013, and Yelp2014 datasets for the true top-n recommendation of products using HDCF to increase the accuracy, confidence, and trust of recommendation services.","2023","2025-10-16 00:40:22","2025-10-16 00:40:23","2025-10-16 00:40:22","5301-5317","","3","74","","","","","","","","","","en","","","","","DOI.org (Crossref)","","","","D:\ZoteroData\storage\69L4Y4XX\Ibrahim et al. - 2023 - Improved Hybrid Deep Collaborative Filtering Approach for True Recommendations.pdf","","","","","","","","","","","","","","","","","","","","","","","","","","","","","","","","","","","","","","","","","","","","","","","","",""
"J6CWBAZI","journalArticle","2023","Zhan, Zhu; Xu, Bugao","Analyzing review sentiments and product images by parallel deep nets for personalized recommendation","Information Processing & Management","","03064573","10.1016/j.ipm.2022.103166","https://linkinghub.elsevier.com/retrieve/pii/S0306457322002679","Recommendation is an effective marketing tool widely used in the e-commerce business, and can be made based on ratings predicted from the rating data of purchased items. To improve the accuracy of rating prediction, user reviews or product images have been used separately as side information to learn the latent features of users (items). In this study, we developed a hybrid approach to analyze both user sentiments from review texts and user preferences from item images to make item recommendations more personalized for users. The hybrid model consists of two parallel modules to perform a procedure named the multiscale semantic and visual analyses (MSVA). The first module is designated to conduct semantic analysis on review documents in various aspects with word-aware and scale-aware attention mechanisms, while the second module is assigned to extract visual features with block-aware and visual-aware attention mechanisms. The MSVA model was trained, validated and tested using Amazon Product Data containing sampled reviews varying from 492,970 to 1 million records across 22 different domains. Three state-of-the-art recommendation models were used as the baselines for performance comparisons. Averagely, MSVA reduced the mean squared error (MSE) of predicted ratings by 6.00%, 3.14% and 3.25% as opposed to the three baselines. It was demonstrated that combining semantic and visual analyses enhanced MSVA’s performance across a wide variety of products, and the multiscale scheme used in both the review and visual modules of MSVA made significant contributions to the rating prediction.","2023-01","2025-10-16 00:40:27","2025-10-16 00:40:28","2025-10-16 00:40:27","103166","","1","60","","Information Processing & Management","","","","","","","","en","","","","","DOI.org (Crossref)","","","","D:\ZoteroData\storage\JYTBB26C\Zhan and Xu - 2023 - Analyzing review sentiments and product images by parallel deep nets for personalized recommendation.pdf","","","","","","","","","","","","","","","","","","","","","","","","","","","","","","","","","","","","","","","","","","","","","","","","",""
"D3G3URQW","journalArticle","2021","Roy, Debashish; Ding, Chen","Multi-source based movie recommendation with ratings and the side information","Social Network Analysis and Mining","","1869-5450, 1869-5469","10.1007/s13278-021-00785-5","https://link.springer.com/10.1007/s13278-021-00785-5","Many recommender systems are built based on the user ratings or user interaction data collected by the content or item providers. However, one data source may only provide limited information about the items. It would be helpful, if information about the candidate items could be retrieved from multiple data sources. In this work, a movie recommender system is designed relying on a variety of data sources that provide different types of user feedbacks on movies, including the MovieLens and Netflix rating data, YouTube movie trailer data, and movie-related tweets from Twitter. The feedbacks on movie trailers such as likes, comments, and tweets can be considered as the side information of the movies. They can be represented as movie features and then integrated with the movie ratings. Or, some of them (e.g., sentiments of the comments) can be represented as the implicit rating matrix and then integrated with the explicit ratings. The experiment shows that the inclusion of the trailer data improves the recommendation accuracy, and the most accurate result is achieved when all the feedback data is combined as the movie features.","2021-12","2025-10-16 00:40:34","2025-10-16 00:40:34","2025-10-16 00:40:34","76","","1","11","","Soc. Netw. Anal. Min.","","","","","","","","en","","","","","DOI.org (Crossref)","","","","D:\ZoteroData\storage\9ZU4753G\Roy and Ding - 2021 - Multi-source based movie recommendation with ratings and the side information.pdf","","","","","","","","","","","","","","","","","","","","","","","","","","","","","","","","","","","","","","","","","","","","","","","","",""
"5NN99BTV","journalArticle","2024","Chang, Teng; Zhang, Zhixia; Cai, Xingjuan","Explainable recommender system directed by reconstructed explanatory factors and multi‐modal matrix factorization","Concurrency and Computation: Practice and Experience","","1532-0626, 1532-0634","10.1002/cpe.8208","https://onlinelibrary.wiley.com/doi/10.1002/cpe.8208","Matrix factorization (MF)-based recommender systems (RSs) as black-box models fail to provide explanations for the recommended items. While some models attain a degree of explainability by integrating neighborhood algorithms, which compute explainability based on the preferences of proximate users, they overlook the contribution of the subjective preferences of the target user to enhancing model explainability, resulting in suboptimal model explainability. To address this problem, an explainable RS directed by reconstructed explanatory factors and multi-modal matrix factorization (ERS-REFMMF) is proposed. By integrating users’ subjective sentiment and preference features into the rating matrix to form a multi-modal matrix, ERS-REFMMF utilizes the Funk-singular value decomposition method at the foundational layer to decompose the multi-modal matrix and generate a candidate item set. At the upper layer, explainability is constructed based on the target user’s subjective preferences and latent features derived from MF, and the final recommended list is optimized for accuracy, diversity, novelty, and explainability through multi-objective optimization algorithms. ERS-REFMMF models around users’ explicit preferences and latent associations, reconstructs explainability with hybrid factors, and enhances overall performance through a many-objective optimization algorithm. Experimental results on real datasets demonstrate that the proposed model is competitive in both phases compared to existing recommendation methods.","2024-09-25","2025-10-16 00:40:39","2025-10-16 00:40:40","2025-10-16 00:40:39","e8208","","21","36","","Concurrency and Computation","","","","","","","","en","","","","","DOI.org (Crossref)","","","","D:\ZoteroData\storage\7FCYXC26\Chang et al. - 2024 - Explainable recommender system directed by reconstructed explanatory factors and multi‐modal matrix.pdf","","","","","","","","","","","","","","","","","","","","","","","","","","","","","","","","","","","","","","","","","","","","","","","","",""
"9AADVBED","journalArticle","2024","Kim, Dongeon; Li, Qinglong; Jang, Dongsoo; Kim, Jaekyeong","AXCF: Aspect‐based collaborative filtering for explainable recommendations","Expert Systems","","0266-4720, 1468-0394","10.1111/exsy.13594","https://onlinelibrary.wiley.com/doi/10.1111/exsy.13594","With the rapid growth of the e-commerce market facilitated, users are often overwhelmed by the excessive online information, making item selection challenging. While recommendation services have significantly enhanced user experience and sales, these traditional models often overlook the complexity of user-item interactions and user preferences based on various item aspects. The proposed AXCF framework innovatively combines graph-based collaborative filtering (CF), which captures high-order connectivity between users and items, with aspect-based sentiment analysis (ABSA) to extract detailed user preferences from online reviews. This approach addresses the limitations of linear relationships in traditional CF models by incorporating deep neural networks and introduces a method to overcome the coldstart problem using online reviews as auxiliary information. By focusing on main aspects such as food, ambiance, and service derived from restaurant reviews, AXCF provides personalized recommendations with improved accuracy and explanatory power, demonstrating its superiority over existing models through experimental results. This study not only presents a significant advancement in recommender systems but also highlights the importance of high-order connectivity and aspect-based preferences in understanding and catering to user needs in the e-commerce platform.","2024-08","2025-10-16 00:40:45","2025-10-16 00:40:46","2025-10-16 00:40:45","e13594","","8","41","","Expert Systems","AXCF","","","","","","","en","","","","","DOI.org (Crossref)","","","","D:\ZoteroData\storage\HMKK4K6P\Kim et al. - 2024 - AXCF Aspect‐based collaborative filtering for explainable recommendations.pdf","","","","","","","","","","","","","","","","","","","","","","","","","","","","","","","","","","","","","","","","","","","","","","","","",""
"VIEMYJI4","journalArticle","2024","Yang, Sigeon; Li, Qinglong; Jang, Dongsoo; Kim, Jaekyeong","Deep learning mechanism and big data in hospitality and tourism: Developing personalized restaurant recommendation model to customer decision-making","International Journal of Hospitality Management","","02784319","10.1016/j.ijhm.2024.103803","https://linkinghub.elsevier.com/retrieve/pii/S0278431924001154","With the increasing ubiquity of booking restaurants through online platforms, the need for restaurant recommender systems that satisfy individual preferences has grown. Previous studies have found it challenging to reflect preferences in multiple aspects because customers’ restaurant experiences were approached from a single aspect. This study proposes a novel personalized recommender system that uses the aspect-based sentiment analysis (ABSA) technique to derive granular customer preferences and recommend restaurants accordingly. The proposed model’s performance was empirically validated using customer review data from the global review platform Yelp. Initially, the ABSA technique was used to elaborately analyze sentiment scores for five major aspects of restaurants. Subsequently, aspect-specific sentiment scores were applied to a deep learning prediction model to learn the latent interactions between customers and restaurants. The proposed restaurant recommendation model demonstrated superior prediction compared to the five previous proposed recommendation model, especially yielding improved performance instead of models reflecting overall sentiment scores. Additionally, the impact of various aspect sentiments for the restaurant recommender system was empirically validated, and the results were presented from multiple perspectives based on the model configuration and parameters.","2024-08","2025-10-16 00:40:51","2025-10-16 00:40:52","2025-10-16 00:40:51","103803","","","121","","International Journal of Hospitality Management","Deep learning mechanism and big data in hospitality and tourism","","","","","","","en","","","","","DOI.org (Crossref)","","","","D:\ZoteroData\storage\MDYML5GB\Yang et al. - 2024 - Deep learning mechanism and big data in hospitality and tourism Developing personalized restaurant.pdf","","","","","","","","","","","","","","","","","","","","","","","","","","","","","","","","","","","","","","","","","","","","","","","","",""
"L7V85ZQ8","journalArticle","2025","Lesan Sedgh, Mohammad Mehran; Latif, Alimohammad; Emadi, Sima","A novel method for a technology enhanced learning recommender system considering changing user interest based on neural collaborative filtering","Data Science and Management","","26667649","10.1016/j.dsm.2024.09.004","https://linkinghub.elsevier.com/retrieve/pii/S266676492400050X","This study introduces an advanced recommender system for technology enhanced learning (TEL) that synergizes neural collaborative ﬁltering, sentiment analysis, and an adaptive learning rate to address the limitations of traditional TEL systems. Recognizing the critical gap in existing approaches—primarily their neglect of user emotional feedback and static learning paths—our model innovatively incorporates sentiment analysis to capture and respond to nuanced emotional feedback from users. Utilizing bidirectional encoder representations from Transformers for sentiment analysis, our system not only understands but also respects user privacy by processing feedback without revealing sensitive information. The adaptive learning rate, inspired by AdaGrad, allows our model to adjust its learning trajectory based on the sentiment scores associated with user feedback, ensuring a dynamic response to both positive and negative sentiments. This dual approach enhances the system’s adaptability to changing user preferences and improves its contentment understanding. Our methodology involves a comprehensive analysis of both the content of learning materials and the behaviors and preferences of learners, facilitating a more personalized learning experience. By dynamically adjusting recommendations based on realtime user data and behavioral analysis, our system leverages the collective insights of similar users and relevant content. We validated our approach against three datasets—MovieLens, Amazon, and a proprietary TEL dataset—and saw signiﬁcant improvements in recommendation precision, F-score, and mean absolute error. The results indicate the potential of integrating sentiment analysis and adaptive learning rates into TEL recommender systems, marking a step forward in developing more responsive and user-centric educational technologies. This study paves the way for future advancements in TEL systems, emphasizing the importance of emotional intelligence and adaptability in enhancing the learning experience.","2025-06","2025-10-16 00:40:56","2025-10-16 00:40:56","2025-10-16 00:40:56","196-206","","2","8","","Data Science and Management","","","","","","","","en","","","","","DOI.org (Crossref)","","","","D:\ZoteroData\storage\JWT5CE3Q\Lesan Sedgh et al. - 2025 - A novel method for a technology enhanced learning recommender system considering changing user inter.pdf","","","","","","","","","","","","","","","","","","","","","","","","","","","","","","","","","","","","","","","","","","","","","","","","",""
"X7XR87B8","journalArticle","2025","Karabila, Ikram; Darraz, Nossayba; El-Ansari, Anas; Alami, Nabil; Mallahi, Mostafa El","A hybrid approach combining sentiment analysis and deep learning to mitigate data sparsity in recommender systems","Neurocomputing","","09252312","10.1016/j.neucom.2025.129886","https://linkinghub.elsevier.com/retrieve/pii/S0925231225005582","The optimization of recommendation systems (RS) is crucial for delivering personalized product suggestions. Despite their successes, RS approaches often face challenges, such as data sparsity in the user–item matrix, which can undermine their performance. To address these challenges, integrating additional information sources, such as item/user profiles and textual reviews, is essential. These sources offer valuable insights into user preferences and item characteristics, helping in understanding the contextual details of both. This study focuses on developing an advanced RS architecture that combines Singular Value Decomposition (SVD) with BERT-CB methods and a Hybrid Model-based Sentiment Analysis. By integrating BERT with Multilayer Perceptron (MLP) methods, the system gains a deeper understanding of item profiles, improving the comprehension of user preferences and item characteristics. Additionally, a novel hybrid approach for sentiment analysis is proposed, using GloVe embeddings and CNN-BiGRU, improving the accuracy and robustness of sentiment detection in user reviews. This comprehensive understanding, combined with collaborative filtering models like SVD, enables the system to provide highly accurate recommendations. The proposed approach consists of four main phases: first, embedding review text using GloVe embeddings and developing a hybrid sentiment analysis approach with CNN and BiGRU architectures; second, creating a BERT language model for generating embeddings from item profile texts, followed by dimensionality reduction using Auto-Encoder; third, using these vectors to build a novel MLP model; fourth, developing a Collaborative Filtering method using SVD, and finally, combining these methods into a hybrid approach and conducting a comprehensive evaluation. Empirical results clearly show the effectiveness of our approach, particularly the combination of GloVe-CNN-BiGRU and BERT-CB with SVD methodology, demonstrating significant improvements across various performance metrics. This confirms the practical value of using contextualized data from BERT-CB and the sentiment analysis approach, enhancing the recommendation system’s effectiveness.","2025-07","2025-10-16 00:41:03","2025-10-16 00:41:04","2025-10-16 00:41:03","129886","","","636","","Neurocomputing","","","","","","","","en","","","","","DOI.org (Crossref)","","","","D:\ZoteroData\storage\M2ILWKY4\Karabila et al. - 2025 - A hybrid approach combining sentiment analysis and deep learning to mitigate data sparsity in recomm.pdf","","","","","","","","","","","","","","","","","","","","","","","","","","","","","","","","","","","","","","","","","","","","","","","","",""
"T6RE5UEB","journalArticle","2025","Cui, Yachao; Wang, Kaiguang; Yu, Hongli; Guo, Xiaoxu; Cao, Han","KLLMs4Rec: Knowledge graph-enhanced LLMs sentiment extraction for personalized recommendations","Expert Systems with Applications","","09574174","10.1016/j.eswa.2025.127430","https://linkinghub.elsevier.com/retrieve/pii/S0957417425010528","Recommendation algorithms typically leverage auxiliary information such as user reviews and knowledge graphs to enhance algorithm performance, thereby alleviating data sparsity and cold start issues. Recently, researchers have increasingly employed large language models, which boast powerful natural language understanding capabilities, to further improve recommendation systems. However, these models often suffer from hallucination problems. Moreover, integrating heterogeneous information, such as reviews and knowledge graphs, can introduce new noise, potentially impairing recommendation performance. Knowledge graphs, as tightly organized structured knowledge bases, can assist in addressing the hallucination problem and heterogeneous information fusion problem of LLMs. To effectively address the aforementioned issues, we propose the Knowledge Graph-Enhanced Large Language Model Sentiment Extraction for the Personalized Recommendation Model (KLLMs4Rec). It aims to solve the LLMs hallucination problem and the noise problem caused by the fusion of heterogeneous information in recommender systems, and provide users with more accurate, diverse and novel personalized recommendations. To address the hallucination problem when extracting user sentiments from reviews with LLMs, we designed a knowledge graph-enhanced prompt template. It is worth noting that this scheme also solves the noise issue of heterogeneous information fusion. Additionally, to further expand user preferences extracted from reviews, this paper proposes a new hierarchical sentiment attention graph convolutional network, which utilizes three sentiment weight schemes to propagate user personalized preferences on the knowledge graph. Extensive experiments on the Movielens-20 m, Amazonbook, and Yelp datasets demonstrate that our model surpasses current leading methods while effectively addressing the hallucination problem of LLMs and the noise problem of heterogeneous information fusion.","2025-07","2025-10-16 00:41:10","2025-10-16 00:41:11","2025-10-16 00:41:10","127430","","","282","","Expert Systems with Applications","KLLMs4Rec","","","","","","","en","","","","","DOI.org (Crossref)","","","","D:\ZoteroData\storage\JXU427ZA\Cui et al. - 2025 - KLLMs4Rec Knowledge graph-enhanced LLMs sentiment extraction for personalized recommendations.pdf","","","","","","","","","","","","","","","","","","","","","","","","","","","","","","","","","","","","","","","","","","","","","","","","",""
"6L7QIY6N","journalArticle","2023","Choudhary, Chaitali; Singh, Inder; Kumar, Manoj","SARWAS: Deep ensemble learning techniques for sentiment based recommendation system","Expert Systems with Applications","","09574174","10.1016/j.eswa.2022.119420","https://linkinghub.elsevier.com/retrieve/pii/S0957417422024393","Identifying user preferences is a complex operation, which makes its automa- tion challenging, and existing recommendation systems that rely on one of the parameters ratings or reviews are incapable of performing effectively. In this work, an ensemble based deep learning method is used to develop a recommen- dation model in which both ratings and reviews are analyzed simultaneously. The first step is to identify the features required in our work which is reviews and ratings of a product. Next step is to conduct sentiment analysis on reviews to get numerical values for subsequent processing which gives output in terms of polarity and subjectivity, where polarity identifies the emotions expressed in reviews ranging from 1 to +1 and subjectivity identifies the relevance of par- ticular review. Reviews and ratings as features used in this work as inputs for ensemble based deep neural network. For this, both the inputs need to be in same range so scaling is done. The recommendation method used in this work is based on deep learning which employs back propagation neural networks with many hidden layers and varying nodes, facilitating rapid learning. In this pa- per, few selected representative deep learning architectures with varied amounts of layers concealed to improve the learning capability of this model. However, model of the recommendation system can yet be improved, such as the inabil- ity to explain the deep learning recommendation system, which diminishes its credibility. We assessed our work based on hidden layer architectural variations using measures such as precision, loss, and execution time.","2023-04","2025-10-16 00:41:16","2025-10-16 00:41:16","2025-10-16 00:41:16","119420","","","216","","Expert Systems with Applications","SARWAS","","","","","","","en","","","","","DOI.org (Crossref)","","","","D:\ZoteroData\storage\MUEJZ34C\Choudhary et al. - 2023 - SARWAS Deep ensemble learning techniques for sentiment based recommendation system.pdf","","","","","","","","","","","","","","","","","","","","","","","","","","","","","","","","","","","","","","","","","","","","","","","","",""
"AIJ8SZ8Z","journalArticle","2024","Kumar, Niranjan; Hanji, Bhagyashri R.","Aspect-based sentiment score and star rating prediction for travel destination using Multinomial Logistic Regression with fuzzy domain ontology algorithm","Expert Systems with Applications","","09574174","10.1016/j.eswa.2023.122493","https://linkinghub.elsevier.com/retrieve/pii/S0957417423029950","Due to its significant advantages for downstream applications, such as recommender systems, In the context of travel and tourism, user reviews on TripAdvisor have an impact on other travellers’ judgments regarding a variety of travel-related issues, including the choice of a vacation spot, lodging, and places to visit. In graded user reviews, the model must specifically forecast the user’s review score after receiving the textual review. The purpose of this article is to present a predictive outline for aspect-based extraction and classification that can estimate the users’ optimal travel destination. This impression helps travellers in a variety of ways, such as by recommending better locations that also include expensive destinations. The underlying classification algorithm’s processing time is significantly impacted by more dimensions. The term “curse of dimensionality” is often used in statistics and machine learning to describe these issues. By projecting the high-dimensional input data into the low-dimensional subspace while roughly maintaining the distance between the data points with a higher probability, the Random Projection (RP) ensemble classifier decreases the complexity of multivariate data. Extract the crucial information from the reviews, then use Glove word vector representation to categorise the relevant emotions. Further, the article proposed Multinomial Logistic Regression (MNLR) with a Fuzzy Domain Ontology (FDO) algorithm for aspect-based sentiment analysis. More intricate aspects than just the products themselves impact how satisfied people are with tourist destinations. The most important factor in evaluating how convenient a tourist route will be is typically the weather. The combined form of predicted sentiment score, start ratings and environment factor has to be calculated to predict the travel destination based on the measurement of personalized search results. The simulation was processed in Python software. The presented work has utilized some performance measures to evaluate the classification model such as F1-score, Recall, Precision, Mean Absolute Error (MAE), Mean Squared Error (MSE), Cohen Score and Matthew Score. The accuracy with GloVe word vector representation was 90% and after the GloVe representation, the classification model accuracy was about 94%. The proposed strategy outperforms in terms of classification accuracy, according to simulated results and analyses of real-world data.","2024-04","2025-10-16 00:41:23","2025-10-16 00:41:24","2025-10-16 00:41:23","122493","","","240","","Expert Systems with Applications","","","","","","","","en","","","","","DOI.org (Crossref)","","","","D:\ZoteroData\storage\SJH82JJ4\Kumar and Hanji - 2024 - Aspect-based sentiment score and star rating prediction for travel destination using Multinomial Log.pdf","","","","","","","","","","","","","","","","","","","","","","","","","","","","","","","","","","","","","","","","","","","","","","","","",""
"WK76AJP5","journalArticle","2024","Serrano-Guerrero, Jesus; Bani-Doumi, Mohammad; Romero, Francisco P.; Olivas, Jose A.","A 2-tuple fuzzy linguistic model for recommending health care services grounded on aspect-based sentiment analysis","Expert Systems with Applications","","09574174","10.1016/j.eswa.2023.122340","https://linkinghub.elsevier.com/retrieve/pii/S0957417423028427","Evaluating the quality of health care systems usually entails the examination of objective variables (waiting time, patients per doctor, etc.). Nonetheless, other subjective variables can be used thanks to new Internet tools. Many online medical services let users convey their opinions on the offered services. That information is an interesting tool to measure the quality of these services. It describes sentiments about different features using a wide range of adjectives, adverbs and nouns, many times, completely different for each feature. Therefore, it is interesting to assess every feature individually using different scales. This study presents an application of a multi-granular fuzzy linguistic model to represent the opinions about the different features of health care systems with the aim of recommending hospitals according to the user preferences. To test this approach, the opinions from real hospitals have been assessed using different user preferences. The obtained results outperform other state-of-the-art approaches.","2024-03","2025-10-16 00:41:30","2025-10-16 00:41:30","2025-10-16 00:41:30","122340","","","238","","Expert Systems with Applications","","","","","","","","en","","","","","DOI.org (Crossref)","","","","D:\ZoteroData\storage\N34JFJPT\Serrano-Guerrero et al. - 2024 - A 2-tuple fuzzy linguistic model for recommending health care services grounded on aspect-based sent.pdf","","","","","","","","","","","","","","","","","","","","","","","","","","","","","","","","","","","","","","","","","","","","","","","","",""
"SW7TSGZV","journalArticle","2023","Aramanda, Amarajyothi; Md.Abdul, Saifulla; Vedala, Radha","enemos-p: An enhanced emotion specific prediction for recommender systems","Expert Systems with Applications","","09574174","10.1016/j.eswa.2023.120190","https://linkinghub.elsevier.com/retrieve/pii/S0957417423006929","Recommender systems suggest relevant item(s) to a new user by analyzing the existing user/item data. In recommender systems, collaborative filtering (CF) is a widely used technique to understand user preferences. The CF technique predicts a new user preferences to suggest the items by employing existing users’ preferences expressed in purchase history, ratings, and reviews. We observed from the real-world data that the user-rating data and user-review data given by a user are not expressing the same intent (we call inconsistency). This inconsistency in user-rating data and user-review data influences the performance of the recommender system. In this paper, we address the problem of inconsistency, and propose a novel approach that provide true recommendations. In this approach, we propose a refined approach called Enhanced Emotion Specific Prediction to refine the user-rating data considering emotional features in the user-review data. In the proposed approach, we exploit the multi-polarity to compute the emotional features from the emotional words. The emotional words are extracted at sentence-level by proposing sentence-level emotion detection algorithm. To validate the efficiency of the proposed approach, we conducted experiments on real-world data sets, Amazon and Yelp. We have used Mean Absolute Error (MAE), Mean Absolute Percentage Error (MAPE), Root Mean Squared Error (RMSE), and Normalized RMSE (NRMSE) for comparing the performance. The results of the experiments show that the proposed approach significantly reduces MAE, MAPE, RMSE, and NRMSE compared to the existing approaches.","2023-10","2025-10-16 00:41:34","2025-10-16 00:41:34","2025-10-16 00:41:34","120190","","","227","","Expert Systems with Applications","enemos-p","","","","","","","en","","","","","DOI.org (Crossref)","","","","D:\ZoteroData\storage\2Y98EGAG\Aramanda et al. - 2023 - enemos-p An enhanced emotion specific prediction for recommender systems.pdf","","","","","","","","","","","","","","","","","","","","","","","","","","","","","","","","","","","","","","","","","","","","","","","","",""
"IHG5GVYS","journalArticle","2025","Liu, Xinyu; Guo, Jinxia; Hao, Qirui; Wang, Hongliang; Yu, Zhongjing; Yang, Qinli; Shao, Junming","Bridging the gap between ratings and true user opinions with dynamic review alignment for personalized recommendation","Neural Networks","","08936080","10.1016/j.neunet.2025.107706","https://linkinghub.elsevier.com/retrieve/pii/S0893608025005866","Personalized recommender systems strive to deliver timely, accurate suggestions that reflect a user’s current interests, yet they face challenges in aligning ratings with users’ true thoughts and adapting to dynamic user behaviors under sparse user–item interactions. Ratings or implicit data often fail to reflect nuanced opinions, as users may assign high ratings despite expressing dissatisfaction in their reviews. Moreover, existing models struggle to adapt to temporal changes in user behaviors while handling the inherent noise and sparsity of real-world data. In this paper, we propose a dynamic multi-scale review alignment (DMRA) graph-based recommendation model to tackle these challenges. By incorporating multi-scale review extraction techniques, DMRA aligns textual insights with user–item interactions to uncover nuanced user opinions and mitigate rating biases. A sentiment-aware graph propagates semantic and sentiment information, while a memoryaugmented module dynamically stores and updates user preferences in micro-cluster manner, balancing short-term and long-term interests. Furthermore, DMRA employs a contrastive learning mechanism to filter noise and inconsistencies in both ratings and reviews, ensuring robust recommendation. Extensive experiments on real-world datasets indicate that DMRA outperforms baselines, and has the capacity to promptly capture granular user preferences and item features and adapt to temporal dynamics, offering accurate and reliable personalized recommendations.","2025-11","2025-10-16 00:41:40","2025-10-16 00:41:41","2025-10-16 00:41:40","107706","","","191","","Neural Networks","","","","","","","","en","","","","","DOI.org (Crossref)","","","","D:\ZoteroData\storage\JH55YEAC\Liu et al. - 2025 - Bridging the gap between ratings and true user opinions with dynamic review alignment for personaliz.pdf","","","","","","","","","","","","","","","","","","","","","","","","","","","","","","","","","","","","","","","","","","","","","","","","",""
"8WA9DJ45","journalArticle","2025","Darraz, Nossayba; Karabila, Ikram; El-Ansari, Anas; Alami, Nabil; Mallahi, Mostafa El","Advancing recommendation systems with DeepMF and hybrid sentiment analysis: Deep learning and Lexicon-based integration","Expert Systems with Applications","","09574174","10.1016/j.eswa.2025.127432","https://linkinghub.elsevier.com/retrieve/pii/S0957417425010541","In the hotel industry, ensuring customer satisfaction and providing personalized recommendations are crucial elements for creating a remarkable guest experience. However, traditional recommendation systems encounter several challenges that hinder their effectiveness. These challenges include cold start problems, where it is difficult to make recommendations for new or less-rated items, as well as data sparsity, which limits the availability of relevant information. Additionally, accurately interpreting the diverse sentiments expressed by customers in their reviews poses another significant challenge. This study tackles these challenges by integrating sentiment analysis into hotel recommendation systems, aiming to capture and analyze guest opinions and sentiments from their reviews. This study aims to enhance recommendation systems by integrating a hybrid sentiment analysis approach. The approach combines lexicon-based techniques and deep learning methodologies, using TextBlob with Bag of Words and a Multilayer Perceptron (MLP) algorithm to analyze the sentiment of textual data. The hybrid sentiment analysis approach exhibits an impressive accuracy rate of 88.63%, demonstrating its effectiveness in capturing sentiment from customer reviews. This integration enables recommendation systems to better understand and incorporate customer sentiments, leading to improved personalized recommendations. Moreover, we combine this hybrid sentiment analysis with DeepMF for collaborative hotel recommendations, which yields a remarkable Root Mean Square Error (RMSE) of 0.1. By integrating sentiment analysis into the recommendation system, we gain valuable insights into customer preferences, leading to improved recommendation quality and personalization. This research highlights the potential of sentiment analysis in optimizing customer experience management within the hotel industry, providing a valuable tool for enhancing guest satisfaction and engagement.","2025-06","2025-10-16 00:41:46","2025-10-16 00:41:46","2025-10-16 00:41:46","127432","","","279","","Expert Systems with Applications","Advancing recommendation systems with DeepMF and hybrid sentiment analysis","","","","","","","en","","","","","DOI.org (Crossref)","","","","D:\ZoteroData\storage\35M2ESIU\Darraz et al. - 2025 - Advancing recommendation systems with DeepMF and hybrid sentiment analysis Deep learning and Lexico.pdf","","","","","","","","","","","","","","","","","","","","","","","","","","","","","","","","","","","","","","","","","","","","","","","","",""
"UV6AHSPY","journalArticle","2025","Liu, Peide; Dang, Ran; Wang, Peng; Xu, Yingcheng; Zhang, Yunfeng","Online–offline combined adaptive hotel recommendation system considering attribute importance and group consensus","Decision Support Systems","","01679236","10.1016/j.dss.2025.114503","https://linkinghub.elsevier.com/retrieve/pii/S0167923625001046","With the proliferation of tourism websites, online reviews have become indispensable for offline decision-makers when selecting hotels. Solely relying on personal judgment poses risks amid diverse preferences. Thus, this study aimed to create a hotel recommendation system that integrates online reviews and ratings with offline travel groups. First, the sentiment analysis of online reviews was integrated with ratings using heterogeneous reviewer weights, transforming them into probabilistic linguistic term sets. Second, by predicting reviewers’ travel types and clustering them, a method was devised to calculate subgroup weights, considering online group size and offline social trust networks. Third, attribute importance was determined via an online–offline method (attribute importance optimization model) considering the intensity and ordinal information. Subsequently, an adaptive consensus optimization model was developed based on a novel measurement method. This study offers personalized recommendations for offline decision-makers, providing essential guidance for travel agencies and platforms to enhance services and holding significant practical value.","2025-09","2025-10-16 00:41:53","2025-10-16 00:41:53","2025-10-16 00:41:53","114503","","","196","","Decision Support Systems","","","","","","","","en","","","","","DOI.org (Crossref)","","","","D:\ZoteroData\storage\AXNLH55E\Liu et al. - 2025 - Online–offline combined adaptive hotel recommendation system considering attribute importance and gr.pdf","","","","","","","","","","","","","","","","","","","","","","","","","","","","","","","","","","","","","","","","","","","","","","","","",""
"PQRUL6TD","journalArticle","2024","Cui, Yachao; Yu, Hongli; Guo, Xiaoxu; Cao, Han; Wang, Lei","RAKCR: Reviews sentiment-aware based knowledge graph convolutional networks for Personalized Recommendation","Expert Systems with Applications","","09574174","10.1016/j.eswa.2024.123403","https://linkinghub.elsevier.com/retrieve/pii/S0957417424002689","The recommendation algorithm is an important means to alleviate the information explosion in the era of big data. There has been a great deal of research into the use of knowledge graphs as auxiliary information in recommender systems, which can be used to alleviate data sparsity and cold start problems. However, most knowledge graph-based recommendation methods only use rating data to capture the user’s potential interest, and the rating is only a comprehensive evaluation of the item by the user, which cannot intuitively and accurately express the user’s personalized preference. In addition, existing recommendation strategies that blend ratings and reviews cannot simultaneously model the aspect fine-grained sentiment preferences of users in reviews as well as the personalized characteristics of items from the user’s perspective. To this end, in this paper, we propose Reviews Sentiment-Aware Knowledge Graph Convolutional Neural Network (RAKCR), a generic review and knowledge graph-based framework that provides better recommendations by fully mining the fine-grained personalization features in user reviews. In contrast to existing correlation recommendation methods, we designed a new reviews sentiment perception feature and knowledge graph alignment module to characterize user preferences for specific features of items in the knowledge graph. To better represent the personalized feature distribution of users and items, we use the proposed RAKCR to aggregate sentiment relationship weight-aware neighborhood information in the knowledge graph to capture personalized feature representations of both users and items, and to better learn user and item embeddings for more accurate personalized recommendations. Experimental results demonstrate that the proposed RAKCR model outperforms the benchmark model significantly in click-through rate prediction for recommendation scenarios. Across the three datasets, Movielens-20 m, Amazon-book, and Yelp, the AUC values show an average improvement of 6.4%, 6.0%, and 3.4%, respectively. Additionally, the F1 values exhibit an average improvement of 7.2%, 6.2%, and 4.1%, respectively, when compared to existing state-of-the-art methods.","2024-08","2025-10-16 00:41:59","2025-10-16 00:41:59","2025-10-16 00:41:59","123403","","","248","","Expert Systems with Applications","RAKCR","","","","","","","en","","","","","DOI.org (Crossref)","","","","D:\ZoteroData\storage\GR95PJX5\Cui et al. - 2024 - RAKCR Reviews sentiment-aware based knowledge graph convolutional networks for Personalized Recomme.pdf","","","","","","","","","","","","","","","","","","","","","","","","","","","","","","","","","","","","","","","","","","","","","","","","",""
"WAN9ZCXL","journalArticle","2022","Zanon, André Levi; Souza, Luan; Pressato, Diany; Manzato, Marcelo Garcia","A user study with aspect‐based sentiment analysis for similarity of items in content‐based recommendations","Expert Systems","","0266-4720, 1468-0394","10.1111/exsy.12991","https://onlinelibrary.wiley.com/doi/10.1111/exsy.12991","Most studies on recommender systems focus on collaborative algorithm approaches over content-based recommendation due to their better accuracy results. However, the advantage of the latter is that it is more effective and more transparent with user applications. This article proposes WordRecommender, an explainable content-based algorithm that calculates similarity by semantic proximity. Its preprocessing step involves analyses of movie reviews to obtain aspects, defined as relevant words of high sentimental value. Recommendations are generated by a neighbourhood algorithm that calculates the similarity of films based on the semantic proximity of the aspects ordered by their emotional score. It can also consider a semantic comparison of metadata using the most related aspects from the recommended movie and one enjoyed by the user for the production of textual explanations. The accuracy of the algorithm was competitive with those of other baseline neighbourhood methods, and the semantic data of items can be the source of both representative information and reasoning in recommender systems.","2022-09","2025-10-16 00:42:04","2025-10-16 00:42:04","2025-10-16 00:42:04","e12991","","8","39","","Expert Systems","","","","","","","","en","","","","","DOI.org (Crossref)","","","","D:\ZoteroData\storage\RXKQKWG2\Zanon et al. - 2022 - A user study with aspect‐based sentiment analysis for similarity of items in content‐based recommend.pdf","","","","","","","","","","","","","","","","","","","","","","","","","","","","","","","","","","","","","","","","","","","","","","","","",""
"LQXMHPBX","journalArticle","2024","Yang, Sigeon; Li, Qinglong; Lim, Haebin; Kim, Jaekyeong","An Attentive Aspect-Based Recommendation Model With Deep Neural Network","IEEE Access","","2169-3536","10.1109/ACCESS.2023.3349291","https://ieeexplore.ieee.org/document/10379624/","With the growth of the internet and e-commerce, online reviews have become a prevalent and rich source of information for personalized recommendations. Review text typically contains user preferences regarding various aspects of items or services. However, most previous recommendation models that used online reviews focused on general opinions, without considering the various aspects of the review text. Although previous approaches have effectively reflected the overall preferences embedded in reviews, capturing the preferences for various aspects is limited. This paper proposes an attentive aspect-based recommendation model with a deep neural network (AARN), which can capture user preferences regarding various aspects embedded in review text. The proposed model uses an advanced aspect-based sentiment analysis (ABSA) method. Unlike previous approaches that extract overall preferences, ABSA offers the advantage of extracting preferences for various aspects embedded in review texts. An attention mechanism is then applied to measure the unique attention weights for each aspect. Extensive experiments were conducted on real-world online review datasets, showing that the proposed model outperformed baseline models in effectively predicting user ratings for target items. Furthermore, this study demonstrated the influence of the ABSA method on personalized and explainable recommendations.","2024","2025-10-16 00:42:09","2025-10-16 00:42:09","2025-10-16 00:42:09","5781-5791","","","12","","IEEE Access","","","","","","","","en","https://creativecommons.org/licenses/by-nc-nd/4.0/","","","","DOI.org (Crossref)","","","","D:\ZoteroData\storage\DVLYKPD2\Yang et al. - 2024 - An Attentive Aspect-Based Recommendation Model With Deep Neural Network.pdf","","","","","","","","","","","","","","","","","","","","","","","","","","","","","","","","","","","","","","","","","","","","","","","","",""
"ZNQ42YN5","journalArticle","2025","Matia Kangoni, Samuel; Tshimanga Tshipata, Obed; Sedi Nzakuna, Pierre; Paciello, Vincenzo; Mbula Mboma, Jean-Gilbert; Makulo, Jean-Robert; Kyamakya, Kyandoghere","Enhancing Sentiment-Driven Recommender Systems With LLM-Based Feature Engineering: A Case Study in Drug Review Analysis","IEEE Access","","2169-3536","10.1109/ACCESS.2025.3590326","https://ieeexplore.ieee.org/document/11083619/","Sentiment analysis is vital for evaluating user feedback in drug reviews because understanding patient experiences leads to more personalized treatment recommendations by providing insights into the real-world effectiveness and tolerability of medications, which are often overlooked in clinical trials. This study evaluates the effectiveness of word-level and sentence-level embeddings for feature extraction in sentiment analysis. These embeddings are used in sequential models (Bi-LSTM, CNN) and non-sequential models (Random Forest, DNN, ExtraTreesClassifier). The Random Forest model with LLM2Vec achieves the best performance, with 0.93 accuracy, F1-scores of 0.95 (positive) and 0.88 (negative), and precision scores of 0.93 (positive) and 0.94 (negative). This approach detects subtle negative feedback often missed by standard models. To capture social consensus in patient feedback, we introduce Adaptive ConfidenceWeighted Scoring. This method leverages social validation as an implicit confidence signal, enabling sentiment scores to reflect both individual experiences and community agreement. It enhances trust and interpretability while standardizing sentiment polarity on a [−5, +5] scale. Clinically validated drug-related information, scraped from trusted sources, is encoded using the Llama-3.2-3B-Instruct model to extract context-aware representations. Features derived from this external medical knowledge improve semantic understanding, ensure grounding and safety, and enhance robustness even when reviews are sparse or noisy. The final vectors are employed within a cosine similarity framework to recommend relevant drugs, aligning recommendations with user satisfaction. This work demonstrates how LLM-based feature engineering can advance clinically valid, patient-aligned healthcare recommender systems informed by real-world feedback.","2025","2025-10-16 00:42:13","2025-10-16 00:42:13","2025-10-16 00:42:13","130304-130322","","","13","","IEEE Access","Enhancing Sentiment-Driven Recommender Systems With LLM-Based Feature Engineering","","","","","","","en","https://creativecommons.org/licenses/by/4.0/legalcode","","","","DOI.org (Crossref)","","","","D:\ZoteroData\storage\RS9ZG6BC\Matia Kangoni et al. - 2025 - Enhancing Sentiment-Driven Recommender Systems With LLM-Based Feature Engineering A Case Study in D.pdf","","","","","","","","","","","","","","","","","","","","","","","","","","","","","","","","","","","","","","","","","","","","","","","","",""
"3Y6U4VA8","journalArticle","2025","Azam, Awais; Sarfraz, Muhammad Shahzad; Zaman, Qamar Uz; Cheema, Adeel Ashraf; Ali, Aitizaz","UTAM: A Unified Thematic Mapping Approach for Cross-Domain Personalization and Cold Start Alleviation","IEEE Access","","2169-3536","10.1109/ACCESS.2025.3601992","https://ieeexplore.ieee.org/document/11134362/","Cross-domain recommendation systems are essential for delivering personalized experiences across diverse content areas. However, aligning user preferences across distinct domains, especially in cold-start scenarios where users have no interaction history in the target domain remains a significant challenge. To bridge this gap, we propose UTAM (Unified Thematic Alignment and Mapping), a novel framework that leverages thematic clustering of user preferences in a source domain to enable recommendations in a target domain. By capturing semantically aligned user-topic engagement patterns, UTAM effectively transfers user intent across domains. We evaluate UTAM on Amazon Movies and Books datasets using ten different experimental configurations that explore various dimensionality reductions, clustering thresholds, and engagement metrics. In cold-start scenarios, UTAM outperforms its singledomain variants. Specifically, UTAM achieves a precision of 0.770, recall of 0.854, and F1-score of 0.783. In comparison, the single-domain Movies model records precision 0.7005, recall 0.2506, F1-score 0.3174, while the single-domain Books model achieves precision 0.6309, recall 0.3142, F1-score 0.3649. These results highlight UTAM’s robustness and effectiveness in alleviating the cold-start problem while delivering accurate, scalable, and interpretable cross-domain recommendations.","2025","2025-10-16 00:42:18","2025-10-16 00:42:18","2025-10-16 00:42:18","148418-148435","","","13","","IEEE Access","UTAM","","","","","","","en","https://creativecommons.org/licenses/by/4.0/legalcode","","","","DOI.org (Crossref)","","","","D:\ZoteroData\storage\BQNQ6SKQ\Azam et al. - 2025 - UTAM A Unified Thematic Mapping Approach for Cross-Domain Personalization and Cold Start Alleviatio.pdf","","","","","","","","","","","","","","","","","","","","","","","","","","","","","","","","","","","","","","","","","","","","","","","","",""
"63YWNL59","journalArticle","2021","Yang, Chen; Chen, Xiaohong; Liu, Lei; Sweetser, Penny","Leveraging semantic features for recommendation: Sentence-level emotion analysis","Information Processing & Management","","03064573","10.1016/j.ipm.2021.102543","https://linkinghub.elsevier.com/retrieve/pii/S0306457321000509","Personalized recommendation systems can help users to filter redundant information from a large amount of data. Previous relevant researches focused on learning user preferences by analyzing texts from comment communities without exploring the detailed sentiment polarity, which encountered the cold-start problem. To address this research gap, we propose a hybrid personalized recommendation model that extracts user preferences by analyzing user review content in different sentiment polarity at the sentence level, based on jointly applying user-item score matrices and dimension reduction methods. A novel voting mechanism is also designed based on positive preferences from the neighbors of the target user to directly generate the recommendation results. The experimental results of testing the proposed model with a real-world data set show that our proposed model can achieve better recommendation effects than the representative recommendation algorithms. In addition, we demonstrated that fine-grained emotion recognition has good adaptability to a sparse rating matrix with a reasonable and good performance.","2021-05","2025-10-16 00:42:22","2025-10-16 00:42:22","2025-10-16 00:42:22","102543","","3","58","","Information Processing & Management","Leveraging semantic features for recommendation","","","","","","","en","","","","","DOI.org (Crossref)","","","","D:\ZoteroData\storage\23N7K5QN\Yang et al. - 2021 - Leveraging semantic features for recommendation Sentence-level emotion analysis.pdf","","","","","","","","","","","","","","","","","","","","","","","","","","","","","","","","","","","","","","","","","","","","","","","","",""
"KXGSGH5N","journalArticle","2021","Hong, Minsung; Jung, Jason J.","ClustPTF: Clustering-based parallel tensor factorization for the diverse multi-criteria recommendation","Electronic Commerce Research and Applications","","15674223","10.1016/j.elerap.2021.101041","https://linkinghub.elsevier.com/retrieve/pii/S1567422321000132","In the recommender system field, diversity as the measure of recommendation quality has gained much attention recently. However, many pieces of research have shown that it has a trade-off relation with predictive performance. To improve recommendation diversity and predictive performance in multi-criteria recommender systems, we propose a clustering-based parallel tensor factorization (ClustPTF). In the ClustPTF, sentiment analysis alleviates model sparsity, and the K-means clustering considering rating behaviors groups similar user preferences into sub-models and leads to improve recommendation diversity. The sub-models are then factorized in parallel to predict ratings in near real-time. With one dataset gathered from TripAdvisor, experiments showed that the ClustPTF considerably improve recommendation diversity (13.44x of a conventional tensor factorization (TF0)) and response time (23.13x of the TF0). Even its predictive performance is superior to the TF0 (41.06% improvement in MAE). Furthermore, the ClustPTF outperformed recent techniques in recommendation diversity and predictive performance (i.e., MAE and precision).","2021-05","2025-10-16 00:42:27","2025-10-16 00:42:27","2025-10-16 00:42:27","101041","","","47","","Electronic Commerce Research and Applications","ClustPTF","","","","","","","en","","","","","DOI.org (Crossref)","","","","D:\ZoteroData\storage\XR2A9368\Hong and Jung - 2021 - ClustPTF Clustering-based parallel tensor factorization for the diverse multi-criteria recommendati.pdf","","","","","","","","","","","","","","","","","","","","","","","","","","","","","","","","","","","","","","","","","","","","","","","","",""
"YQRT956C","journalArticle","2021","Lai, Chin-Hui; Hsu, Chia-Yu","Rating prediction based on combination of review mining and user preference analysis","Information Systems","","03064379","10.1016/j.is.2021.101742","https://linkinghub.elsevier.com/retrieve/pii/S0306437921000132","Review websites allow users to share their reviews of products or businesses, give ratings to products or businesses, and interact with other users. Due to the rapid growth of online review data, users face the problem of information overload. To resolve this problem, many researches have proposed various recommendation methods based on the analysis of users’ ratings. Besides user ratings, the review websites contain unstructured textual data and information of different aspects which has different impact and importance to both users and businesses. It may lead to inaccurate rating predictions, as it is difficult to know users’ preferring aspects and their corresponding importance by analyzing users’ rating data.","2021-07","2025-10-16 00:42:32","2025-10-16 00:42:32","2025-10-16 00:42:32","101742","","","99","","Information Systems","","","","","","","","en","","","","","DOI.org (Crossref)","","","","D:\ZoteroData\storage\AKGZNPSG\Lai and Hsu - 2021 - Rating prediction based on combination of review mining and user preference analysis.pdf","","","","","","","","","","","","","","","","","","","","","","","","","","","","","","","","","","","","","","","","","","","","","","","","",""
"JGDGYY2I","journalArticle","2021","Hong, Minsung","Decrease and conquer-based parallel tensor factorization for diversity and real-time of multi-criteria recommendation","Information Sciences","","00200255","10.1016/j.ins.2021.02.005","https://linkinghub.elsevier.com/retrieve/pii/S0020025521001390","In the ﬁeld of recommender systems, diversity as the measure of recommendation quality has gained much attention recently. Unfortunately, many researchers have shown that it has a trade-off relation with accuracy. Meanwhile, tensor factorization has been used as a useful technique that considers multi-correlations between user-item-other factors directly. However, it generally suffers from the model sparsity caused by high dimensionality and requirement of high computational costs. To improve diversity and response time while preserving accuracy in multi-criteria recommender systems (MCRS), we propose a decrease and conquer-based parallel tensor factorization (DnCPTF). In the DnCPTF, sentiment analysis alleviates the sparsity problem, and a two-phase clustering groups similar user reviews into sub-models. Furthermore, a controllable subdivision guarantees high diversity and short response time. The sub-models are then factorized in parallel to predict ratings, and top-N items are recommended via ratings consolidated from the sub-models. On a real-world dataset gathered from TripAdvisor, experimental results demonstrated that the DnCPTF signiﬁcantly improve recommendation diversity (55 of a conventional tensor factorization (CTF)) and response time (182 of the CTF) with preserving high precision and recall. Furthermore, it outperformed recent techniques in precision, diversity and required response time within 1 s on average.","2021-07","2025-10-16 00:42:37","2025-10-16 00:42:37","2025-10-16 00:42:37","259-278","","","562","","Information Sciences","","","","","","","","en","","","","","DOI.org (Crossref)","","","","D:\ZoteroData\storage\GIK36T5S\Hong - 2021 - Decrease and conquer-based parallel tensor factorization for diversity and real-time of multi-criter.pdf","","","","","","","","","","","","","","","","","","","","","","","","","","","","","","","","","","","","","","","","","","","","","","","","",""
"U73LXKHA","journalArticle","2022","Duan, Rui; Jiang, Cuiqing; Jain, Hemant K.","Combining review-based collaborative filtering and matrix factorization: A solution to rating's sparsity problem","Decision Support Systems","","01679236","10.1016/j.dss.2022.113748","https://linkinghub.elsevier.com/retrieve/pii/S0167923622000197","An important factor affecting the performance of collaborative filtering for recommendation systems is the sparsity of the rating matrix caused by insufficient rating data. Improving the recommendation model and introducing side information are two main research approaches to address the problem. We combine these two approaches and propose the Review-Based Matrix Factorization method in this paper. The method consists of two phases. The first phase is review-based collaborative filtering, where an item-topic rating matrix is constructed by the feature-level opinion mining of online review text. This rating matrix is used to derive item similarities, which can be used to infer unknown users' ratings of the items. The second phase consists of rating imputation, where we first fill some of the empty elements of the user-item rating matrix, then conduct matrix factorization to learn the latent user and item factors to generate recommendations. Experiments on two actual datasets show that our method improves the accuracy of recommendation compared with similar algorithms.","2022-05","2025-10-16 00:42:43","2025-10-16 00:42:43","2025-10-16 00:42:43","113748","","","156","","Decision Support Systems","Combining review-based collaborative filtering and matrix factorization","","","","","","","en","","","","","DOI.org (Crossref)","","","","D:\ZoteroData\storage\UDGBUPVA\Duan et al. - 2022 - Combining review-based collaborative filtering and matrix factorization A solution to rating's spar.pdf","","","","","","","","","","","","","","","","","","","","","","","","","","","","","","","","","","","","","","","","","","","","","","","","",""
"256ZR3MV","journalArticle","2022","Shrivastava, Rahul; Sisodia, Dilip Singh; Nagwani, Naresh Kumar; Bp, Upendra Roy","An optimized recommendation framework exploiting textual review based opinion mining for generating pleasantly surprising, novel yet relevant recommendations","Pattern Recognition Letters","","01678655","10.1016/j.patrec.2022.05.003","https://linkinghub.elsevier.com/retrieve/pii/S0167865522001568","Serendipity is a critical factor in the Recommender Systems (RS) in delivering pleasantly surprising, novel, yet contextually relevant recommendations. Most existing methods improve serendipity in RS by learning user preferences based on item popularity or similarity. However, the effectiveness of these methods in mitigating popularity bias and generating novel and unexpected item recommendations remains poorly understood. Recent studies suggest improvement in user preference by incorporating textual opinion provided by the user on an item. Additionally, the trade-off relationship between serendipity’s conﬂicting components, including relevance, novelty, and unexpectedness, warrants further investigation to improve the quality of top-n recommendations. Hence, this research proposes an opinion mining-based approach to learn the users’ personalized preferences from the textual reviews and incorporate both rating and reviews preferences to improve the quality of the recommendation list. Next, we design a new TwoFold Algorithmic (TFA) approach-based objective function for serendipity to mitigate the popularity bias by aggregating uncertainty based on item popularity and item similarity to user preferences. Lastly, a multi-objective evolutionary algorithm-based Serendipity Objective Optimization-based Recommendation Framework(SOORF) is designed to optimize the serendipity’s conﬂicting components. Extensive simulations are conducted over four benchmark datasets. The Mean Absolute Precision(MAP)@n and Serendipity@n based evaluation ﬁndings of SOORF and TFA demonstrate an improvement of at least 8.10% and 58.48%, respectively. The Precision@n and Recall@n based evaluations on different dataset sparsity conditions are observed with an improvement of at least 13.59% and 27.73% over baseline models. The Pareto front shows the models’ ability to generate surprising, novel, yet relevant recommendations.","2022-07","2025-10-16 00:42:50","2025-10-16 00:42:51","2025-10-16 00:42:50","91-99","","","159","","Pattern Recognition Letters","","","","","","","","en","","","","","DOI.org (Crossref)","","","","D:\ZoteroData\storage\2R5JG2HM\Shrivastava et al. - 2022 - An optimized recommendation framework exploiting textual review based opinion mining for generating.pdf","","","","","","","","","","","","","","","","","","","","","","","","","","","","","","","","","","","","","","","","","","","","","","","","",""
"YS57QVMF","journalArticle","2023","Zhang, Chenyan; Xue, Shan; Li, Jing; Wu, Jia; Du, Bo; Liu, Donghua; Chang, Jun","Multi-Aspect enhanced Graph Neural Networks for recommendation","Neural Networks","","08936080","10.1016/j.neunet.2022.10.001","https://linkinghub.elsevier.com/retrieve/pii/S0893608022003859","Graph neural networks (GNNs) have achieved remarkable performance in personalized recommendation, for their powerful data representation capabilities. However, these methods still face several challenging problems: (1) the majority of user–item interaction graphs only utilize the interaction information, which cannot reflect the users’ specific preferences for different aspects, making it difficult to capture user preferences in a fine-grained manner. (2) there is no effective way to integrate multiaspect preferences into a unified model to capture the comprehensive user interests. To address these challenges, we propose a Multi-Aspect enhanced Graph Neural Networks (MA-GNNs) model for item recommendation. Specifically, we learn the aspect-based sentiments from reviews and use them to construct multiple aspect-aware user–item graphs, thus giving the edge practical meaning. And aspect semantic features are introduced into the information aggregation process to adjust users’ preferences for different items. Furthermore, we design a routing-based fusion mechanism, which adaptively allocates weights to different aspects to realize the dynamic fusion of aspect preferences. We conduct experiments on four publicly available datasets, and the experimental results show that the proposed MA-GNNs model outperforms state-of-the-art methods. Further analysis proves that fine-grained interest modeling can improve the interpretability of recommendations.","2023-01","2025-10-16 00:42:56","2025-10-16 00:42:56","2025-10-16 00:42:56","90-102","","","157","","Neural Networks","","","","","","","","en","","","","","DOI.org (Crossref)","","","","D:\ZoteroData\storage\VBMK2DWY\Zhang et al. - 2023 - Multi-Aspect enhanced Graph Neural Networks for recommendation.pdf","","","","","","","","","","","","","","","","","","","","","","","","","","","","","","","","","","","","","","","","","","","","","","","","",""
"UJGCAWHJ","journalArticle","2022","Ezaldeen, Hadi; Misra, Rachita; Bisoy, Sukant Kishoro; Alatrash, Rawaa; Priyadarshini, Rojalina","A hybrid E-learning recommendation integrating adaptive profiling and sentiment analysis","Journal of Web Semantics","","15708268","10.1016/j.websem.2021.100700","https://linkinghub.elsevier.com/retrieve/pii/S1570826821000664","This research proposes a novel framework named Enhanced e-Learning Hybrid Recommender System (ELHRS) that provides an appropriate e-content with the highest predicted ratings corresponding to the learner’s particular needs. To accomplish this, a new model is developed to deduce the Semantic Learner Profile automatically. It adaptively associates the learning patterns and rules depending on the learner’s behavior and the semantic relations computed in the semantic matrix that mutually links e-learning materials and terms. Here, a semantic-based approach for term expansion is introduced using DBpedia and WordNet ontologies. Further, various sentiment analysis models are proposed and incorporated as a part of the recommender system to predict ratings of e-learning resources from posted text reviews utilizing fine-grained sentiment classification on five discrete classes. Qualitative Natural Language Processing (NLP) methods with tailored-made Convolutional Neural Network (CNN) are developed and evaluated on our customized dataset collected for a specific domain and a public dataset. Two improved language models are introduced depending on Skip-Gram (S-G) and Continuous Bag of Words (CBOW) techniques. In addition, a robust language model based on hybridization of these couple of methods is developed to derive better vocabulary representation, yielding better accuracy 89.1% for the CNN-Three-Channel-Concatenation model. The suggested recommendation methodology depends on the learner’s preferences, other similar learners’ experience and background, deriving their opinions from the reviews towards the best learning resources. This assists the learners in finding the desired e-content at the proper time.","2022-04","2025-10-16 00:43:00","2025-10-16 00:43:01","2025-10-16 00:43:00","100700","","","72","","Journal of Web Semantics","","","","","","","","en","","","","","DOI.org (Crossref)","","","","D:\ZoteroData\storage\36QHSKFX\Ezaldeen et al. - 2022 - A hybrid E-learning recommendation integrating adaptive profiling and sentiment analysis.pdf","","","","","","","","","","","","","","","","","","","","","","","","","","","","","","","","","","","","","","","","","","","","","","","","",""
"B688QACN","journalArticle","2023","Ibrahim, Muhammad; Bajwa, Imran Sarwar; Sarwar, Nadeem; Hajjej, Fahima; Sakr, Hesham A.","An Intelligent Hybrid Neural Collaborative Filtering Approach for True Recommendations","IEEE Access","","2169-3536","10.1109/ACCESS.2023.3289751","https://ieeexplore.ieee.org/document/10163823/","Recommendation services become a critical and hot research topic for researchers. A recommendation agent that automatically suggests products to users according to their tastes or preferences instead of wandering in a huge corpus for a product. Social data such as Reviews play an important role in the recommendation of products. Improvement was achieved by neural network methods for capturing user and product information from a short text. However, such approaches do not fairly and efficiently incorporate users’ preferences and product characteristics. We are proposing the novel Hybrid Neural Collaborative Filtering (HNCF) model that combines deep learning capabilities and deep interaction modelling for recommender systems with a rating matrix. To overcome the cold start problem, we use the new overall rating by aggregating the Deep Multivariate Rating DMR (votes, likes, stars and sentiment scores of reviews) from different external data sources because different sites have different rating scores about the same product. The propose novel model consists of four major modules HUAPA-DCF+NSC+DMR (Hierarchical User Attention and Hierarchical Product Attention, Deep Collaborative Filtering, Neural Sentiment Classifier, and Deep Multivariant Rating) to solve the addressed problems. Initially, the HUAPA module is based on BiLSTM’s hierarchical user attention (HUA) and hierarchical product attention (HPA) to embed the user preferences and product characteristics respectively. Further, these are combined nonlinear representations and fed as input to the interaction module. Secondly, the deep collaborative filtering module is implemented to find the explicit interaction between user and product. Thirdly, NSC module will extract the user’s semantic about products by incorporating the user’s preferences and product characteristics. Finally, the module uses explicit information (Deep Multivariant Rating) to the maximum extent for final classification. Experimental results demonstration that our novel model is outperforming than state-of-theart at IMDb, Yelp2013 and Yelp2014 datasets for the true recommendation of top-n products using HNCF (HUAPA+DCF+NSC+DMR) to increase the accuracy, confidence, and trust on recommendation services.","2023","2025-10-16 00:43:06","2025-10-16 00:43:06","2025-10-16 00:43:06","64831-64849","","","11","","IEEE Access","","","","","","","","en","https://creativecommons.org/licenses/by/4.0/legalcode","","","","DOI.org (Crossref)","","","","D:\ZoteroData\storage\AGJUU8F4\Ibrahim et al. - 2023 - An Intelligent Hybrid Neural Collaborative Filtering Approach for True Recommendations.pdf","","","","","","","","","","","","","","","","","","","","","","","","","","","","","","","","","","","","","","","","","","","","","","","","",""
"APZ8JI3X","journalArticle","2024","Khalilzadeh, Farhad; Cicekli, Ilyas","REHREC: Review Effected Heterogeneous Information Network Recommendation System","IEEE Access","","2169-3536","10.1109/ACCESS.2024.3379271","https://ieeexplore.ieee.org/document/10475322/","Heterogeneous Information Networks have bunches of rich secret information that assist us in the creation of successful recommendation frameworks. A Heterogeneous Information Network (HIN) includes useful knowledge required for a recommendation system, and the network embedding is the common strategy for getting useful knowledge out of a HIN to be used in recommendation platforms. Although user and business nodes have been used in HINs, review contents have not been used. In this work, we use review nodes in HINs in addition to user and business nodes. Since written reviews provide valuable insights into points of interest within recommendation systems, integrating review nodes into HINs allows us to assess their impact on recommendation systems. Specifying meaningful meta-paths aids in extracting hidden information within a heterogeneous information network. While user and business nodes are typically utilized for specifying meaningful meta-paths, review nodes have been overlooked. We introduce new meta-paths incorporating review nodes to uncover hidden information in heterogeneous information networks. These meta-paths are leveraged to enhance the recommendation system’s performance. This study endeavors to amalgamate rich written reviews with heterogeneous information networks and analyze their effects on recommendation systems. Our experiments demonstrate that incorporating review texts improves the recommendation system, particularly when selecting meaningful meta-paths. Augmenting HINs with reviews facilitates the capture of additional relational information between users and businesses, thereby enhancing the recommendation model. This underscores the benefits of consolidating interaction information within HIN features for superior recommendation outcomes.","2024","2025-10-16 00:43:10","2025-10-16 00:43:11","2025-10-16 00:43:10","42751-42760","","","12","","IEEE Access","REHREC","","","","","","","en","https://creativecommons.org/licenses/by/4.0/legalcode","","","","DOI.org (Crossref)","","","","D:\ZoteroData\storage\59P57KAG\Khalilzadeh and Cicekli - 2024 - REHREC Review Effected Heterogeneous Information Network Recommendation System.pdf","","","","","","","","","","","","","","","","","","","","","","","","","","","","","","","","","","","","","","","","","","","","","","","","",""
"R4SKI39H","journalArticle","2025","Li, Bing; Dong, Jiangtao; Wang, Xile; Hou, Yuqi; Yang, Biao","Research on Personalized Recommendation Algorithm Integrating Cross-Grained Sentiment and Rating Interaction Features","IEEE Access","","2169-3536","10.1109/ACCESS.2025.3530431","https://ieeexplore.ieee.org/document/10843697/","To investigate the impact of cross-grained sentiments on user feature representation and address the issue of data sparsity, this paper proposes a Personalized Recommendation Algorithm Integrating Cross-Grained Sentiment and Rating Interaction Features (ICSR). The algorithm begins by employing a pre-trained BERT (Bidirectional Encoder Representations from Transformers) model and a Bi-GRU (Bidirectional Gated Recurrent Units) network to derive feature vectors from user and item reviews. Sentiment dictionaries and attention mechanisms are then applied to assign appropriate weights to the review features of users and items, respectively. To capture a richer set of sentiment features, a cross-grained sentiment feature fusion module is introduced. This module leverages an LDA (Latent Dirichlet Allocation) model and dependency syntactic analysis techniques to extract fine-grained sentiment features, while a word2vec pre-trained model and sentiment dictionaries are used to capture coarse-grained sentiment features. These features are then fused to form comprehensive cross-grained sentiment representations. Finally, rating interaction features are extracted using matrix factorization techniques, and all features are integrated and fed into a DeepFM model for rating prediction. Experimental results on Amazon datasets demonstrate that the proposed ICSR algorithm significantly outperforms baseline algorithms in terms of recommendation performance.","2025","2025-10-16 00:43:14","2025-10-16 00:43:14","2025-10-16 00:43:14","35516-35526","","","13","","IEEE Access","","","","","","","","en","https://creativecommons.org/licenses/by/4.0/legalcode","","","","DOI.org (Crossref)","","","","D:\ZoteroData\storage\6EFZRDS3\Li et al. - 2025 - Research on Personalized Recommendation Algorithm Integrating Cross-Grained Sentiment and Rating Int.pdf","","","","","","","","","","","","","","","","","","","","","","","","","","","","","","","","","","","","","","","","","","","","","","","","",""
"DRUFSQ8V","journalArticle","2023","Yang, Shuang; Cai, Xuesong","An Enhanced Recommendation Model Based on Review Text Graph and Interaction Graph","IEEE Access","","2169-3536","10.1109/ACCESS.2023.3305954","https://ieeexplore.ieee.org/document/10223235/","User’s review text data and rating data, as two major information sources of the recommender system, reflect user’s preferences and item characteristics from two different perspectives. Many existing methods rely on one or the other data to make recommendations, ignoring the potential collaborative effects between the two. In terms of processing review data, the existing neural combination models mainly capture the local and continuous dependencies between adjacent words in the review text but have limited ability to capture the global and discontinuous dependencies. Therefore, we propose an enhanced recommendation model based on both the review text graph and the interaction graph. On the one hand, the model represents the review text of each user and item as a graph and uses the graph structure to capture the long-term, global, and discontinuous dependencies between words in the review text. A graph attention network based on connection relationships is used to aggregate the adjacency information of each node while taking word order relationships into account. On the other hand, the model builds an interaction graph based on user-item ratings for feature mining. The results of the two parts are combined to complete the prediction. We conduct experiments on three datasets and the results show that the proposed method can improve the recommendation performance.","2023","2025-10-16 00:43:19","2025-10-16 00:43:19","2025-10-16 00:43:19","88234-88244","","","11","","IEEE Access","","","","","","","","en","https://creativecommons.org/licenses/by-nc-nd/4.0/","","","","DOI.org (Crossref)","","","","D:\ZoteroData\storage\KDDPBGZF\Yang and Cai - 2023 - An Enhanced Recommendation Model Based on Review Text Graph and Interaction Graph.pdf","","","","","","","","","","","","","","","","","","","","","","","","","","","","","","","","","","","","","","","","","","","","","","","","",""
"ERVD59FL","journalArticle","2024","Roy, Sanjiban Sekhar; Kumar, Ayush; Suresh Kumar, Rishikesh","Metadata and Review-Based Hybrid Apparel Recommendation System Using Cascaded Large Language Models","IEEE Access","","2169-3536","10.1109/ACCESS.2024.3462793","https://ieeexplore.ieee.org/document/10681511/","The commercial success of online retailing platforms relies on sophisticated technological advancements of recommender systems. As online marketplaces gain popularity it becomes crucial to provide accurate product suggestions to make personalized shopping experience more exciting for the online customer. The evolution of recommendation systems from using collaborative and content-based approaches to more advanced deep learning-based approaches provide motivation as well the necessity to leverage more advanced tools for creating recommendation systems more powerful. Among variety of e-commerce products, this work concentrates on the apparels section, specifically coming under men’s shirt category. In this work, we introduce a Hybrid Recommender System that combines content based and item-based collaborative filtering strategies. To implement the content-based filtering approach we employ text-representation techniques. These methods carefully analyze how users interact with product specifications to understand their nuanced preferences. We also propose a cascading transformer mechanism for generating contextually aware representations using sentence transformers derived from Large Language Models (LLMs) T5 and BERT. To gauge the emotional tone and sentiment associated with product reviews, we make use of rule-based and embedding based sentiment analysis models. A weighted score mechanism has been used to determine the final recommendations by the proposed system. Finally, we discuss the efficiency of the proposed filtering technique and compare various text representation methods along with popular baseline transformer models. The introduced hybrid recommendation system with the proposed cascaded model was evaluated and found to give recommendations with 94.76% similarity score while FastText achieved 66.90%. Doc2Vec and Word2Vec resulted in recommendations with 46.62% and 47.70% similarity respectively.","2024","2025-10-16 00:43:23","2025-10-16 00:43:23","2025-10-16 00:43:23","140053-140071","","","12","","IEEE Access","","","","","","","","en","https://creativecommons.org/licenses/by/4.0/legalcode","","","","DOI.org (Crossref)","","","","D:\ZoteroData\storage\P99W2CVN\Roy et al. - 2024 - Metadata and Review-Based Hybrid Apparel Recommendation System Using Cascaded Large Language Models.pdf","","","","","","","","","","","","","","","","","","","","","","","","","","","","","","","","","","","","","","","","","","","","","","","","",""
"BFZ5BAXM","journalArticle","2024","Huda, Choirul; Heryadi, Yaya; Lukas; Budiharto, Widodo","Smart Tourism Recommender System Modeling Based on Hybrid Technique and Content Boosted Collaborative Filtering","IEEE Access","","2169-3536","10.1109/ACCESS.2024.3450882","https://ieeexplore.ieee.org/document/10654273/","A recommender system (RecSys) is a smart solution that offers personalized items to users. Utilizing adequate information from historical transactions in the tourism industry such as items, users, ratings, and reviews becomes valuable input in providing personalized RecSys regarding smart decision-making for users in tourism. This study proposes a new approach for tourism RecSys development through a hybrid model combining User-Based Collaborative Filtering (UBCF), Demographic Filtering (DF), Aspect-Based Sentiment Analysis (ABSA), and Content-Boosted Collaborative Filtering (CBCF). This model utilizes six steps in the Cross-Industry Standard Process for Data Mining (CRISP-DM): business understanding, data understanding, data preparation, modeling, evaluation, and deployment. A tourism dataset has been produced by combining raw data from the TripAdvisor website with demographic information from Google Maps to enhance user profiles. The model performance was evaluated using the measurement of Mean Absolute Error (MAE) and Root Mean Square Error (RMSE) through the 5 cycles of 10-Fold Cross Validation. Based on the average results of MAE and RMSE, CBCF has achieved performance improvements respectively at 84.7% and 82.3% compared to the performance of UBCF using 100% dense UI-Matrix. This study has succeeded in proposing a novelty model for tourism recommender systems in avoiding the cold-start problem and sparse matrix reduction through the synthetic data generation regarding performance improvement of the recommender system complemented with related aspects of recommended attractions.","2024","2025-10-16 00:43:28","2025-10-16 00:43:29","2025-10-16 00:43:28","131794-131808","","","12","","IEEE Access","","","","","","","","en","https://creativecommons.org/licenses/by-nc-nd/4.0/","","","","DOI.org (Crossref)","","","","D:\ZoteroData\storage\SQI87EZ2\Huda et al. - 2024 - Smart Tourism Recommender System Modeling Based on Hybrid Technique and Content Boosted Collaborativ.pdf","","","","","","","","","","","","","","","","","","","","","","","","","","","","","","","","","","","","","","","","","","","","","","","","",""
"YCZ2447J","journalArticle","2023","Liu, Ning; Zhao, Jianhua","Recommendation System Based on Deep Sentiment Analysis and Matrix Factorization","IEEE Access","","2169-3536","10.1109/ACCESS.2023.3246060","https://ieeexplore.ieee.org/document/10047910/","In order to solve the problem of data sparsity and credibility in collaborative filtering, a recommendation system based on sentiment analysis and matrix factorization (SAMF) is proposed in this paper, which uses topic model and deep learning technology to fully mine the implicit information in reviews to improve the rating matrix and assist recommendation. Firstly, user topic distribution and item topic distribution are generated from reviews(consisting user reviews and item reviews) through LDA(Latent Dirichlet Allocation). The user feature matrix and item feature matrix are created based on topic probability. Secondly, user feature matrix and item feature matrix are integrated to create user-item preference matrix. Thirdly, the user-item preference matrix and the original rating matrix are integrated to create the user-item rating matrix. Fourthly, BERT(Bidirectional Encoder Representation from Transformers) is used to quantify the sentiment information contained in the reviews and integrate the sentiment information with the useritem rating matrix, to modify and update the user-item rating matrix. Finally, the updated user-item rating matrix is used to achieve rating prediction and Top-N recommendation. Experiments on Amazon datasets demonstrates that the proposed SAMF has better recommendation performance than other classical algorithms.","2023","2025-10-16 00:43:33","2025-10-16 00:43:33","2025-10-16 00:43:33","16994-17001","","","11","","IEEE Access","","","","","","","","en","https://creativecommons.org/licenses/by-nc-nd/4.0/","","","","DOI.org (Crossref)","","","","D:\ZoteroData\storage\69SGPZCH\Liu and Zhao - 2023 - Recommendation System Based on Deep Sentiment Analysis and Matrix Factorization.pdf","","","","","","","","","","","","","","","","","","","","","","","","","","","","","","","","","","","","","","","","","","","","","","","","",""
"L5DNEBTK","journalArticle","2023","Bhanuse, Roshan Sureshrao; Mal, Sandip","Optimal e-learning course recommendation with sentiment analysis using hybrid similarity framework","Multimedia Tools and Applications","","1573-7721","10.1007/s11042-023-16138-7","https://link.springer.com/10.1007/s11042-023-16138-7","Nowadays, online course recommendation frameworks are popular for suggesting courses to new learners. Various courses are available on the Internet, and it is very challenging to suggest optimal learning courses for learners. This work presented an effective online course recommendation with sentiment analysis using hybrid similarity based approaches. Initially, the input text online course data is pre-processed using tokenization, stop word removal, Stemming, noise filtering, and lemmatization processes. Then, effective features like Lexicon combined TF-IDF feature, Word2vector features, N-gram feature, and Glove feature are extracted from the pre-processed data. Subsequently, the improved horse herd Optimization (IHHO) algorithm is utilized to select features optimally. Afterwards, a hybrid Bidirectional long short term memory-convolutional neural network (Hybrid BLSTM-CNN) is presented to classify courses into positive, negative and neutral for the sentiment analysis of courses. Here, the adaptive salp swarm emperor penguin optimization (ASEP) approach is utilized to update the optimized weights of the hybrid classifiers. Finally, the hybrid content-collaborative similarity (Hybrid-CCS) approach is considered for an optimal course recommendation. The experimental results of the developed approach outperformed the compared existing schemes in terms of accuracy (99.79%), F1-score (99.648%), Kappa (99.061%), RMSE (0.2092), precision (99.69%), recall (99.698%), MAE (0.012), HR (0.9321) and ARHR (0.1621) and AUC (99.79%).","2023-07-15","2025-10-16 00:43:38","2025-10-16 00:43:38","2025-10-16 00:43:38","16417-16446","","6","83","","Multimed Tools Appl","","","","","","","","en","","","","","DOI.org (Crossref)","","","","D:\ZoteroData\storage\EMR59LM5\Bhanuse and Mal - 2023 - Optimal e-learning course recommendation with sentiment analysis using hybrid similarity framework.pdf","","","","","","","","","","","","","","","","","","","","","","","","","","","","","","","","","","","","","","","","","","","","","","","","",""
"SIQLC6GP","journalArticle","2021","Lai, Chin-Hui; Liu, Duen-Ren; Lien, Kun-Sin","A hybrid of XGBoost and aspect-based review mining with attention neural network for user preference prediction","International Journal of Machine Learning and Cybernetics","","1868-8071, 1868-808X","10.1007/s13042-020-01229-w","https://link.springer.com/10.1007/s13042-020-01229-w","With the rapid development of the internet, users tend to refer to the rating scores or review opinions on social platforms. Most recommendation systems use collaborative filtering (CF) methods to recommend items based on users’ ratings. The rating-based CF methods do not consider users’ review opinions on different aspects of items. The accuracy of the rating predictions can be effectively improved by considering the latent semantics and various aspects of user reviews. In this paper, a novel rating prediction method is proposed according to an attention-based gated recurrent unit (GRU) deep learning model with semantic aspects. A two-phase method is proposed herein; it combines the word attention mechanism and review semantics to extract aspect features from user preferences. In the first phase, a bidirectional GRU neural network is adopted according to word attention in order to extract important words from users’ reviews. In the second phase, we split users’ reviews into words, and generate the aspect-based attention semantic vectors from these reviews based on Latent Dirichlet Allocation and the attention weights of the chosen words. The XGBoost method is then adopted to predict user preference ratings based on the aspect-based attention semantic vectors. The experimental results show that the proposed method outperforms traditional prediction methods and effectively improves the accuracy of predictions.","2021-05","2025-10-16 00:43:42","2025-10-16 00:43:42","2025-10-16 00:43:42","1203-1217","","5","12","","Int. J. Mach. Learn. & Cyber.","","","","","","","","en","","","","","DOI.org (Crossref)","","","","D:\ZoteroData\storage\Y96YXQ4Z\Lai et al. - 2021 - A hybrid of XGBoost and aspect-based review mining with attention neural network for user preference.pdf","","","","","","","","","","","","","","","","","","","","","","","","","","","","","","","","","","","","","","","","","","","","","","","","",""
"QIUQDQN6","journalArticle","2024","Zhang, Fan; Zhou, Yaoyao; Sun, Pengfei; Xu, Yi; Han, Wanjiang; Huang, Hongben; Chen, Jinpeng","CRAS: cross-domain recommendation via aspect-level sentiment extraction","Knowledge and Information Systems","","0219-1377, 0219-3116","10.1007/s10115-024-02130-6","https://link.springer.com/10.1007/s10115-024-02130-6","To address the problem of sparse data and cold-start when facing new users and items in the single-domain recommendation, cross-domain recommendation has gradually become a hot topic in the recommendation system. This method enhances target domain recommendation performance by incorporating relevant information from an auxiliary domain. A critical aspect of cross-domain recommendation is the effective transfer of user preferences from the source to the target domain. This paper proposes a novel cross-domain recommendation framework, namely the Cross-domain Recommendation based on Aspect-level Sentiment extraction (CRAS). CRAS leverages user and item review texts in cross-domain recommendations to extract detailed user preferences. Speciﬁcally, the Biterm Topic Model (BTM) is utilized for the precise extraction of ’aspects’ from users and items, focusing on identifying characteristics that align with user interests and the positive attributes of items. These ’aspects’ represent distinct, inﬂuential features of the items. For example, a good service attitude can be regarded as a good aspect of a restaurant. Furthermore, this study employs an improved Cycle-Consistent Generative Adversarial Networks (CycleGAN), efﬁciently mapping user preferences from one domain to another, thereby enhancing the accuracy and personalization of the recommendations. Lastly, this paper compares the CRAS model with a series of state-of-the-art baseline methods in the Amazon review dataset, and experiment results show that the proposed model outperforms the baseline methods.","2024-09","2025-10-16 00:43:45","2025-10-16 00:43:45","2025-10-16 00:43:45","5459-5477","","9","66","","Knowl Inf Syst","CRAS","","","","","","","en","","","","","DOI.org (Crossref)","","","","D:\ZoteroData\storage\W8D7D6Z8\Zhang et al. - 2024 - CRAS cross-domain recommendation via aspect-level sentiment extraction.pdf","","","","","","","","","","","","","","","","","","","","","","","","","","","","","","","","","","","","","","","","","","","","","","","","",""
"UIYH883A","journalArticle","2023","Shen, Tiesunlong; Zhang, You; Wang, Jin; Zhang, Xuejie","Graphs get personal: learning representation with contextual pretraining for collaborative filtering","Applied Intelligence","","0924-669X, 1573-7497","10.1007/s10489-023-05144-9","https://link.springer.com/10.1007/s10489-023-05144-9","","2023-12","2025-10-16 00:43:49","2025-10-16 00:43:49","2025-10-16 00:43:49","30416-30430","","24","53","","Appl Intell","Graphs get personal","","","","","","","en","","","","","DOI.org (Crossref)","","","","D:\ZoteroData\storage\9VWHVJ3U\Shen et al. - 2023 - Graphs get personal learning representation with contextual pretraining for collaborative filtering.pdf","","","","","","","","","","","","","","","","","","","","","","","","","","","","","","","","","","","","","","","","","","","","","","","","",""
"T84B48MW","journalArticle","2025","Duan, Jiani; Hu, Jun; Zhong, Fujin; Liu, Li; Zhang, Qinghua","A deep recommendation model based on semantic information and correlation between items","Journal of Intelligent Information Systems","","0925-9902, 1573-7675","10.1007/s10844-025-00973-1","https://link.springer.com/10.1007/s10844-025-00973-1","The data sparsity problem constrains traditional recommendation methods, and the recommendation methods based on review texts effectively alleviate the sparsity of rating data by capturing user profiles and item attibutes from review texts. However, many of them ignore the fact that there exists a wealth of correlation information between items. This correlation information may help the recommender system understand the similarity between items and accordingly recommend to users items they may be interested in, which helps to improve the accuracy and diversity of recommendations. Based on the idea raised above, we propose a deep learning model based on semantic information and correlation between items (SMCI), which extracts rich semantic information from review texts and converts it into vector representation. This representation not only incorporates sentiment and topic information in reviews but also captures the correlation between users and items. In order to fully incorporate the correlation features between items, SMCI maps items’ similar representations in vector space based on users’ purchase sequences and predicts final ratings using the scaled dot product’s multi-head self-attention mechanism. Comparative experiments are conducted on seven public datasets. The experimental results show that the proposed model outperforms the baselines in terms of performance, which verifies the validity of our model.","2025-08-12","2025-10-16 00:43:54","2025-10-16 00:43:54","2025-10-16 00:43:54","","","","","","J Intell Inf Syst","","","","","","","","en","","","","","DOI.org (Crossref)","","","","D:\ZoteroData\storage\K46AVFDP\Duan et al. - 2025 - A deep recommendation model based on semantic information and correlation between items.pdf","","","","","","","","","","","","","","","","","","","","","","","","","","","","","","","","","","","","","","","","","","","","","","","","",""
"Y8E637BD","journalArticle","2023","Lai, Chin-Hui; Peng, Pang-Yu","A Hybrid Deep Learning Method to Extract Multi-features from Reviews and User–Item Relations for Rating Prediction","International Journal of Computational Intelligence Systems","","1875-6883","10.1007/s44196-023-00288-5","https://link.springer.com/10.1007/s44196-023-00288-5","Currently, the Internet is widely used for shopping. Online reviews have become a crucial factor in helping people to make purchasing decisions. However, the large amount of data overwhelms most users, leading to the problem of information overload. To address this issue, researchers have proposed recommender systems as a solution. The most commonly used method is the collaborative filtering method, which analyzes users’ purchase history or behavior to make recommendations. In addition to user ratings, by analyzing users’ comments and the relationships between users and items more precise preferences can be obtained. In this study, the aspect-based rating prediction with a hybrid deep learning method (ARPH) is proposed. It consists of five parts: aspect detection, sentiment and semantic analysis, user preference analysis, graph attention network analysis, and rating prediction. It initially extracts the implicit aspect features and aspects’ sentiment–semantic features from user and item reviews. The convolutional neural network and matrix factorization methods are then used to generate the predicted ratings of items. Additionally, a graph attention network was built to calculate the predicted ratings based on the relationships between users and items. Finally, a multilayer perceptron was used to automatically adjust the weights for integrating these two predicted ratings. Our method utilizes user–item relationships to predict ratings when there are fewer user reviews. Conversely, the features derived from textual reviews were employed for rating prediction. The experimental results showed that extracting different features is useful in representing user and product preferences. The proposed method effectively improved the accuracy of the rating predictions.","2023-06-27","2025-10-16 00:43:57","2025-10-16 00:43:57","2025-10-16 00:43:57","109","","1","16","","Int J Comput Intell Syst","","","","","","","","en","","","","","DOI.org (Crossref)","","","","D:\ZoteroData\storage\VT26R8CL\Lai and Peng - 2023 - A Hybrid Deep Learning Method to Extract Multi-features from Reviews and User–Item Relations for Rat.pdf","","","","","","","","","","","","","","","","","","","","","","","","","","","","","","","","","","","","","","","","","","","","","","","","",""
"68V9JGLU","journalArticle","2025","Chen, Tingting; Lin, Suqing; Wu, Jingheng; Zhang, Shuhua","Revisiting cognitive process-driven model with sentiment-infused user preference for recommendation","Journal of Intelligent Information Systems","","0925-9902, 1573-7675","10.1007/s10844-025-00980-2","https://link.springer.com/10.1007/s10844-025-00980-2","Deep learning leverages textual feedback and contextual cues to improve rating prediction accuracy through simulated cognitive reasoning. User reviews provide critical insights for accurate preference modeling. Sentiment analysis identifies intrinsic preferences and behavioral patterns, improving user requirement comprehension. An attention-based deep learning framework with sentiment-infused preference modeling (DeepSU) is proposed to emulate human cognition effectively. Multidimensional preferences are captured by extracting salient features from travel platforms. Sentiment consistency detection identifies anomalous reviews by comparing inferred sentiment with ratings to refine the dataset. A co-attention mechanism integrates user features and sentiment estimations through learned attention weights, generating embeddings that encode personalized characteristics and affective tendencies toward attractions. Experimental results demonstrate that DeepSU outperforms the strongest baseline by 15.2% and 13.3% on the Ctrip travel dataset. It achieves lower RMSE than baseline methods under data sparsity and maintains performance advantages as the input scale increases, while keeping training time minimal. Ablation studies indicate that the sentiment analysis module contributes more significantly to overall performance than the user preference module. Evaluations on datasets from two distinct travel platforms demonstrate consistent superiority over baseline techniques, confirming robust generalization and reliability.","2025-09-04","2025-10-16 00:44:01","2025-10-16 00:44:01","2025-10-16 00:44:01","","","","","","J Intell Inf Syst","","","","","","","","en","","","","","DOI.org (Crossref)","","","","D:\ZoteroData\storage\ZE9QKGXC\Chen et al. - 2025 - Revisiting cognitive process-driven model with sentiment-infused user preference for recommendation.pdf","","","","","","","","","","","","","","","","","","","","","","","","","","","","","","","","","","","","","","","","","","","","","","","","",""
"CQEBEZZ7","journalArticle","2023","Bathla, Gourav; Singh, Pardeep; Kumar, Sunil; Verma, Madhushi; Garg, Deepak; Kotecha, Ketan","Recop: fine-grained opinions and sentiments-based recommender system for industry 5.0","Soft Computing","","1432-7643, 1433-7479","10.1007/s00500-021-06590-8","https://link.springer.com/10.1007/s00500-021-06590-8","In the futuristic Industry framework, user interactions with the product are seamlessly integrated with the product life cycle which results in Information overload. The shopbots were proposed in Industry 4.0 where the more focus was on process automation. In this research work, we propose recommender system for industry 5.0 which is based on collaboration of human beings and machines with more focus on user’s personalization. Recommender system can be considered as an information ﬁltering tool that provides suggestions to users about products, music, friend, topic, etc. This suggestion is based on the interest of users. Several research works have been carried out to improve recommendation accuracy by using matrix factorization, trust-based, hybrid-based, machine learning, and deep learning techniques. However, very few existing works have leveraged textual opinions for the recommendation to the best of our knowledge. Existing research works have focused only on numerical ratings, which do not reﬂect actual user behaviour. In this research work, sentiments of textual opinions are analysed for an in-depth analysis of user’s behaviour. Recommendation accuracy is improved by using the proposed score Recop which is calculated from opinion sentiments. Furthermore, the sparsity issue is resolved by using our proposed approach. Amazon and Yelp review datasets are used for Experiment analysis. Mean absolute error (MAE) and root mean square error (RMSE) values are improved signiﬁcantly using the proposed approach compared to the existing approaches. MAE and RMSE scores on the Yelp dataset are 0.85 and 1.51, respectively. Additionally, MAE and RMSE scores on the Amazon dataset are 0.66 and 0.93, respectively, which clearly reﬂects the signiﬁcant contribution of our proposed approach.","2023-04","2025-10-16 00:44:04","2025-10-16 00:44:04","2025-10-16 00:44:04","4051-4060","","7","27","","Soft Comput","Recop","","","","","","","en","","","","","DOI.org (Crossref)","","","","D:\ZoteroData\storage\P8XQDPVA\Bathla et al. - 2023 - Recop fine-grained opinions and sentiments-based recommender system for industry 5.0.pdf","","","","","","","","","","","","","","","","","","","","","","","","","","","","","","","","","","","","","","","","","","","","","","","","",""
"X97GNBB2","journalArticle","2024","Nguyen, Minh Hoang; Nguyen, Thuat Thien; Ta, Minh Nhat; Nguyen, Tien Minh; Nguyen, Kiet Van","RRS: Review-Based Recommendation System Using Deep Learning for Vietnamese","SN Computer Science","","2661-8907","10.1007/s42979-024-02812-6","https://link.springer.com/10.1007/s42979-024-02812-6","Tourism, which includes sightseeing, relaxation, and discovery, is a fundamental aspect of human life. One of the most critical considerations for traveling is accommodation, mainly hotels. To improve the travel experience, we have presented a solution for building a recommendation model using Vietnamese and user data to suggest travelers choose the ideal hotel. Our data was collected from two well-known websites, Traveloka and Ivivu, and includes information about hotels in Vietnam and users’ feedback history, such as comments, ratings, and the names of users and hotels. We then preprocessed and labeled the inter-annotator agreement for various aspects, including service (0.89), infrastructure (0.84), sanitary (0.83), location (0.89), and attitude (0.83). Our recommendation model is built by using Collaborative Filtering and deep learning techniques. Furthermore, we suggest incorporating context vectors from tourists’ Vietnamese comments in the recommendation process. The context model is developed by using deep learning techniques to extract topics and sentiments from the words effectively. The results of our proposed model, as measured by the MSE, were 0.027, which is significantly better than a context-free model using the same parameters, which had an MSE of 0.061. Additionally, our Deep Learning, created using PhoBERT embedding, had an accuracy of 81% for topic classification and 82% for sentiment classification. The FastText based model had 82% and 81% accuracy for topic and sentiment, respectively. Our research demonstrates that our approach improves the accuracy of the recommendation model and has the potential for further development in the future. This idea can introduce a new Recommendation System that can overcome existing limitations and apply to other areas.","2024-04-25","2025-10-16 00:44:08","2025-10-16 00:44:08","2025-10-16 00:44:08","492","","5","5","","SN COMPUT. SCI.","RRS","","","","","","","en","","","","","DOI.org (Crossref)","","","","D:\ZoteroData\storage\RJALR8GK\Nguyen et al. - 2024 - RRS Review-Based Recommendation System Using Deep Learning for Vietnamese.pdf","","","","","","","","","","","","","","","","","","","","","","","","","","","","","","","","","","","","","","","","","","","","","","","","",""
"JS89DQB2","journalArticle","2023","Zhou, Donglin; Zhang, Zhihong; Zheng, Yangxin; Zou, Zhenting; Zheng, Lin","Attenuated sentiment-aware sequential recommendation","International Journal of Data Science and Analytics","","2364-415X, 2364-4168","10.1007/s41060-022-00374-5","https://link.springer.com/10.1007/s41060-022-00374-5","Sequential recommendation(SR) focuses on modeling the historical relationship of a user’s behavior. The attention-based models such as Transformer and BERT have been introduced in SR and acquired excellent performance. However, these models mostly only utilize the user-item interaction sequential data but ignore the additional information. We argue that the complicated human subjective sentiment plays an essential inﬂuence on their consuming behavior. In this paper, we introduced attenuated sentiment information into sequential recommender to capture user potential preference. Specially, we propose an attenuated sentiment memory network (ASM-Net) to simulate the real decay of human sentiment according to the time interval relationship. We construct a two channels recommender architecture called attenuated sentiment sequential recommendation (ASSR) to generate user sentiment preference and item preference. Speciﬁcally, the ﬁrst channel models the general item attention-aware sequential relationship and the secondary channel utilizes multi-attenuated sentiment-aware attention to capture sequential preference. We collect two industrial Chinese datasets and two open English datasets to verify the model’s performance. We design ablation study and sentiment sensitivity to investigate the inﬂuence of attenuated sentiment on user preference. Comprehensive experimental results demonstrate that our sentiment decay modeling approach is effective to capture users’ subjective preferences, and our method outperforms several state-of-the-art recommenders.","2023-08","2025-10-16 00:44:11","2025-10-16 00:44:12","2025-10-16 00:44:11","271-283","","2","16","","Int J Data Sci Anal","","","","","","","","en","","","","","DOI.org (Crossref)","","","","D:\ZoteroData\storage\8JRAJI89\Zhou et al. - 2023 - Attenuated sentiment-aware sequential recommendation.pdf","","","","","","","","","","","","","","","","","","","","","","","","","","","","","","","","","","","","","","","","","","","","","","","","",""
"2P84HGFM","journalArticle","2024","Alatrash, Rawaa; Priyadarshini, Rojalina; Ezaldeen, Hadi","Collaborative filtering integrated fine-grained sentiment for hybrid recommender system","The Journal of Supercomputing","","0920-8542, 1573-0484","10.1007/s11227-023-05600-w","https://link.springer.com/10.1007/s11227-023-05600-w","Developing online educational platforms necessitates the incorporation of new intelligent procedures in order to improve long-term student experience. Presently, e-learning Recommender Systems rely on deep learning methods to recommend appropriate e-learning materials to the students based on their learner profiles. Fine-grained sentiment analysis (FSA) can be leveraged to enrich the recommender system. Users posted reviews and rating data are vital in accurately directing the student to the appropriate e-learning resources based on posted comments by comparable learners. Innovative has been made in this work to propose a new e-learning recommendation system based on individualization and FSA. A new framework is proposed based on collaborative filtering models (CFMs) integrating with finegrained sentiment analysis (FSA) for hybrid recommendation (CFISAR) for effective recommendations. CFMs attempt to capture the learner’s latent factors based on their selections of interest to build the learner profile. FSA models are introduced to deliver e-content with the highest ranked ratings related to the learner’s area and interests based on the extracted learner model. Moreover, a new approach is proposed to update the system continuously and not keep it bound to certain items by adding new books, where the initial rating of these new books is predicted based on FSA models. CFISAR is explored utilizing six CFMs to generate the prediction matrix and derive the learner model, resulting in a low MSE of 0.699 for Asymmetric SVD. The system used multiplication word embeddings for stronger corpus representation that were trained on a dataset generated for an educational context, and leveraging the goodness of deep learning, which predicted an accuracy of 0.9264% for the Peephole algorithm, that performed better than other models.","2024-03","2025-10-16 00:44:15","2025-10-16 00:44:16","2025-10-16 00:44:15","4760-4807","","4","80","","J Supercomput","","","","","","","","en","","","","","DOI.org (Crossref)","","","","D:\ZoteroData\storage\H7KXRXFW\Alatrash et al. - 2024 - Collaborative filtering integrated fine-grained sentiment for hybrid recommender system.pdf","","","","","","","","","","","","","","","","","","","","","","","","","","","","","","","","","","","","","","","","","","","","","","","","",""
"DNWJFR89","journalArticle","2024","Khurana, Purnima; Gupta, Bhavna; Sharma, Ravish; Bedi, Punam","A sentiment-guided session-aware recommender system","The Journal of Supercomputing","","0920-8542, 1573-0484","10.1007/s11227-024-06456-4","https://link.springer.com/10.1007/s11227-024-06456-4","Session-aware recommender systems analyze the sequential patterns of user actions to uncover the shifting preferences across sessions. User reviews enriched with sentiments can act as a guiding tool for session-aware systems. Existing methods for session-aware recommendations based on deep learning models do not consider the user’s sentiment granularity for generating reliable recommendations. In this paper, we have employed fuzzy-sentiment to guide the recommendation process toward a personalized and varied range of recommendations, resulting in an improved satisfaction level for the user. Fuzzy-sentiment provides a spectrum of sentiment scores (Highly positive, Positive, Neutral, Negative, and Highly Negative). This precise sentiment information allows the system to grasp the emotional tone and specific aspects of user experiences, shedding light on why users appreciated or were dissatisfied with a product. The sentiment scores are utilized to guide the recommendation process in the three-phase Sentiment-Guided Session-aware Recommender System, Fuzzy-SGSaRS. The first phase determines users’ sentiments from reviews about purchased products using the Fuzzy LSTM (FLSTM) technique. The learning process in the second phase employs a Graph Convolutional Network (GCN) to derive embeddings for Users, Interaction Sessions, and Products. The acquired embedding vectors are subsequently fed into the Double Deep Q-Network (DDQN) during the third phase to recommend intriguing products to the user(s). A series of experimental evaluations on four datasets of Amazon reviews illustrate that the proposed system outperformed various state-of-the-art methods.","2024-12","2025-10-16 00:44:19","2025-10-16 00:44:19","2025-10-16 00:44:19","27204-27243","","19","80","","J Supercomput","","","","","","","","en","","","","","DOI.org (Crossref)","","","","D:\ZoteroData\storage\QF3JF6IH\Khurana et al. - 2024 - A sentiment-guided session-aware recommender system.pdf","","","","","","","","","","","","","","","","","","","","","","","","","","","","","","","","","","","","","","","","","","","","","","","","",""
"GNABGAEC","journalArticle","2025","Hu, Ya-Han; Tsai, Chih-Fong; Sun, Yu-Chen","A novel hotel recommender system incorporating review sentiment and contextual information","International Journal of Data Science and Analytics","","2364-415X, 2364-4168","10.1007/s41060-024-00598-7","https://link.springer.com/10.1007/s41060-024-00598-7","Hotel recommender systems are crucial tools that assist tourists in ﬁltering through extraneous hotel information, ensuring they ﬁnd accommodations that align with their preferences. These systems predominantly employ content-based ﬁltering (CBF) and collaborative ﬁltering (CF), including user-based CF (UCF) and item-based CF (ICF), as their core methodologies. Additionally, context-aware recommender systems (CARS) enhance the quality of recommendations by integrating relevant contextual data into the decision-making process. Despite their efﬁcacy, a signiﬁcant challenge these systems encounter is data sparsity within the user–item matrix, commonly referred to as the traveler–hotel matrix. The sparsity arises as not all users rate every hotel, and some may not provide any ratings at all, resulting in numerous missing ratings and insufﬁcient data for accurately predicting user preferences. This study introduces a novel hybrid hotel recommender system that integrates CBF, UCF, ICF, and CARS methodologies, utilizing travel types as a form of contextual information. A key innovation of our system is the application of sentiment analysis (SA) techniques to extract sentiment data from hotel reviews. This information is then employed to impute missing ratings in the matrix, addressing the issue of data sparsity. Our experimental analysis, leveraging a dataset from TripAdvisor.com, reveals that our proposed system substantially surpasses traditional UCF approaches and other methods that combine CBF, UCF, ICF, and contextual information, with the exception of SA. Notably, our system demonstrates signiﬁcantly lower Mean Absolute Error and Root Mean Square Error rates compared to baseline models. This advancement not only mitigates the challenge of data sparsity but also enhances the precision and reliability of hotel recommendations for travelers.","2025-04","2025-10-16 00:44:23","2025-10-16 00:44:23","2025-10-16 00:44:23","573-584","","3","19","","Int J Data Sci Anal","","","","","","","","en","","","","","DOI.org (Crossref)","","","","D:\ZoteroData\storage\BEA59NTJ\Hu et al. - 2025 - A novel hotel recommender system incorporating review sentiment and contextual information.pdf","","","","","","","","","","","","","","","","","","","","","","","","","","","","","","","","","","","","","","","","","","","","","","","","",""
"EDTXRHAS","journalArticle","2025","Darraz, Nossayba; Karabila, Ikram; El-Ansari, Anas; Alami, Nabil; El Mallahi, Mostafa","Enhancing recommendation systems with collaborative filtering and sentiment analysis: dimensionality reduction for improved content-based approaches","Knowledge and Information Systems","","0219-1377, 0219-3116","10.1007/s10115-025-02452-z","https://link.springer.com/10.1007/s10115-025-02452-z","","2025-08","2025-10-16 00:44:26","2025-10-16 00:44:26","2025-10-16 00:44:26","7157-7191","","8","67","","Knowl Inf Syst","Enhancing recommendation systems with collaborative filtering and sentiment analysis","","","","","","","en","","","","","DOI.org (Crossref)","","","","D:\ZoteroData\storage\WJ2GESQC\Darraz et al. - 2025 - Enhancing recommendation systems with collaborative filtering and sentiment analysis dimensionality.pdf","","","","","","","","","","","","","","","","","","","","","","","","","","","","","","","","","","","","","","","","","","","","","","","","",""
"ITR3V9RH","journalArticle","2024","Sarhan, Amany M.; Ayman, Hager; Wagdi, Mariam; Ali, Bassant; Adel, Aliaa; Osama, Rahf","Integrating machine learning and sentiment analysis in movie recommendation systems","Journal of Electrical Systems and Information Technology","","2314-7172","10.1186/s43067-024-00177-7","https://jesit.springeropen.com/articles/10.1186/s43067-024-00177-7","The fast growth of the film business, along with an ever-increasing number of movie options, has highlighted the need for better recommendation algorithms. This study investigates the application of sentiment analysis in a movie recommendation system with the goal of improving the user experience. The importance of this sector stems from its ability to bridge the gap between user interests and the vast number of cinematic products, addressing individual emotional states and preferences. Researchers choose to generate movie recommendations based on the sentiments conveyed by viewers’ reviews of the movies. Sentiment-based movie recommendation system research employs techniques such as natural language processing and hybrid models with the goal of increasing user satisfaction. To this purpose, the integration of advanced machine learning algorithms such as cosine similarity, support vector machine, and Naive Bayes improves recommendation systems with sentiment analysis. Cosine similarity improves movie recommendations by recognizing minor user preferences, while support vector machines and Naive Bayes enhance sentiment analysis by offering a nuanced interpretation of textual attitudes. Through trials, the proposed system employs two public datasets for sentiment analysis, namely the TMDB5k dataset and the Reviews dataset, and makes predictions (positive, negative, or neutral) based on the content of the review through conducting sentiment analysis on the text using the Viscous Accretion Disk Evolution Resource (VADER) approach. The findings, based on users’ feedback, are more accurate and informative regarding movie quality, where SVM accuracy is 99.28% and Naïve Bayes accuracy is 96.60% when used with VADER sentiment analysis.","2024-11-22","2025-10-16 00:44:30","2025-10-16 00:44:30","2025-10-16 00:44:30","53","","1","11","","Journal of Electrical Systems and Inf Technol","","","","","","","","en","","","","","DOI.org (Crossref)","","","","D:\ZoteroData\storage\8N9G7WND\Sarhan et al. - 2024 - Integrating machine learning and sentiment analysis in movie recommendation systems.pdf","","","","","","","","","","","","","","","","","","","","","","","","","","","","","","","","","","","","","","","","","","","","","","","","",""
"7HGWGBVD","journalArticle","2025","Yamarthi, Suresh; Chintala, Balaji; Rambabu, Rampatruni; Rao, Bommasani Yellamanda; Rao, Putchakayala Venkateswara; Basha, Pathan Hussain","Sentiment analysis framework for entropy-based product recommendation system","Knowledge and Information Systems","","0219-1377, 0219-3116","10.1007/s10115-025-02570-8","https://link.springer.com/10.1007/s10115-025-02570-8","Recommendation systems, which offer recommendations for information automatically depending on the user, have grown in importance as web applications. Considering they give customers a better shopping experience, product recommendation systems are a signiﬁcant part of the retail sector. Since retailers offer a wide range of products, through the identiﬁcation of connections between products, recommendation systems provide the most effective way of showing customers to the products which are relevant to them. However, understanding the characteristics of consumers connected to various product relationships is equally important. It might be difﬁcult to evaluate and understand the information found in reviews because they are frequently unstructured data. To gain more understanding of the emotions, opinions, and behaviors of a user, Sentiment analysis (SA) has achieves to a lot of attention as a solution to this problem. The accuracy and efﬁciency of these systems have increased signiﬁcantly due to deep learning techniques. In this analysis, Sentiment analysis framework for entropy-based product recommendation system is presented. Amazon Kindle books dataset 2023 from Kaggle is used in this analysis. Entropy is used to reﬂect the global rating behavior of user and item and to provide diversity and novelty. Collaborative Filtering is combined with Sentiment Analysis to mitigate the cold-start issue. Bi-LSTM is used to process the text reviews, detect the contextual subtleties and sentiments in text. The combination of CF with SA and Bi-LSTM accurately recommends the books to users. By combining SA, CF and Bi-LSTM, proposed system improves the user satisfaction and personalized experience. F1-score, Root mean square error (RMSE), Mean Absolute Error (MAE), and accuracy are used to evaluate the performance of this model. Proposed model obtains 94.8% accuracy and 93% F1-score performance.","2025-08-20","2025-10-16 00:44:33","2025-10-16 00:44:34","2025-10-16 00:44:33","","","","","","Knowl Inf Syst","","","","","","","","en","","","","","DOI.org (Crossref)","","","","D:\ZoteroData\storage\CRJHBULM\Yamarthi et al. - 2025 - Sentiment analysis framework for entropy-based product recommendation system.pdf","","","","","","","","","","","","","","","","","","","","","","","","","","","","","","","","","","","","","","","","","","","","","","","","",""
"YABGX8JP","journalArticle","2025","Bukhari, Maryam; Maqsood, Muazzam; Ghazanfar, Mustansar Ali; Sattar, Asma","Sentiment aware kernel mapping recommender system for Amazon product recommendations","Pattern Analysis and Applications","","1433-7541, 1433-755X","10.1007/s10044-025-01521-x","https://link.springer.com/10.1007/s10044-025-01521-x","Recommender systems help address information overload in domains such as e-commerce, entertainment, travel, education, and social media. Their major objective is to generate personalized recommendations that help users find relevant items. However, cold start and data sparsity issues hinder the model’s ability to understand user preferences accurately. Moreover, quantitative ratings alone do not capture the full spectrum of user sentiment, hence, to increase the reliability of recommender systems, analyzing user-generated textual reviews can provide deeper insights into user opinions. From this perspective, we have exploited user sentiment analysis in kernel mapping recommender systems referred to as KSR. Specifically, we propose a sentiment-based kernel mapping recommender that applies sentiment analysis to user reviews. Instead of traditional rating-based matrices, we construct user and item-level kernels over sentiment-enriched user-product matrices. The proposed KSR learns the multi-linear mapping between encoded vectors of user-product associations and the probability density function that determines the user’s sentiments toward products. In the second stage, we integrate quantitative ratings with sentiment information using both additive and multiplicative modeling approaches within the KSR. The proposed model is validated on three different product datasets from Amazon including Food, Software, and Music Reviews. The findings indicate that the proposed sentiment-based KSR model outperforms the original KMR method by achieving the best MAE error of 0.3306 and precision@20 score of 75.44% respectively.","2025-09","2025-10-16 00:44:37","2025-10-16 00:44:37","2025-10-16 00:44:37","150","","3","28","","Pattern Anal Applic","","","","","","","","en","","","","","DOI.org (Crossref)","","","","D:\ZoteroData\storage\Q57DWNN5\Bukhari et al. - 2025 - Sentiment aware kernel mapping recommender system for Amazon product recommendations.pdf","","","","","","","","","","","","","","","","","","","","","","","","","","","","","","","","","","","","","","","","","","","","","","","","",""
"KWBYHEWA","journalArticle","2023","Xu, Yangyang; Wang, Zengmao; Shang, Jedi S.","PAENL: personalized attraction enhanced network learning for recommendation","Neural Computing and Applications","","0941-0643, 1433-3058","10.1007/s00521-021-05812-2","https://link.springer.com/10.1007/s00521-021-05812-2","Reviews and user–item interactions have been widely used to predict the behaviors of users. However, the sparsity of user–item interactions on datasets remains a major challenge in predicting user behavior. Most of the fusion user–item information and review information is predicted for user behavior prediction in a linear sense. However, this coarse-grained data fusion encounters difﬁculty in ﬁnding the complex relationship between different modal features. In this study, we propose a personalized attraction enhanced network learning for recommendation PAENL. The model consists of two modules: a user–item feature learning module and a review feature interaction module. In addition to the capability of modeling heterogeneity information by convolutional neural networks, PAENL can capture the essence of different users’ emotional reviews by the attention neural model in a nonlinear sense. Experiments are conducted on three real datasets and compared with a variety of mainstream advanced algorithms. The results demonstrate that the proposed algorithm PAENL signiﬁcantly outperforms all state-of-the-art methods, and the attention mechanism can increase the interpretability of the user behavior prediction.","2023-02","2025-10-16 00:44:41","2025-10-16 00:44:41","2025-10-16 00:44:41","3725-3735","","5","35","","Neural Comput & Applic","PAENL","","","","","","","en","","","","","DOI.org (Crossref)","","","","D:\ZoteroData\storage\HGDR3N9Q\Xu et al. - 2023 - PAENL personalized attraction enhanced network learning for recommendation.pdf","","","","","","","","","","","","","","","","","","","","","","","","","","","","","","","","","","","","","","","","","","","","","","","","",""
"Z686VMZE","journalArticle","2024","Abdalla, Hemn Barzan; Gheisari, Mehdi; Awlla, Ardalan Hussein","Hybrid self-attention BiLSTM and incentive learning-based collaborative filtering for e-commerce recommendation systems","Electronic Commerce Research","","1389-5753, 1572-9362","10.1007/s10660-024-09888-5","https://link.springer.com/10.1007/s10660-024-09888-5","Sentiment prediction means analyzing the emotional tone or opinion contained in textual data such as reviews or posts on social media. Recommendation systems use this sentiment analysis to recommend appropriate products or content to the users. The limitations of the existing model are related to data quality and quantity issues and dealing with different scenes and languages. Hence, to overcome all these challenges, the Hybrid Self-Attention Layer Optimized Incentive Learning–based Collaborative Filtering-BiLSTM (Hybrid AT-IN based CF-BiLSTM) model was developed for sentiment prediction and recommendation based on e-commerce platforms. The usage of CF, BiLSTM networks, and a hybrid self-attention mechanism ensure the model’s unrivaled precision and performance in the domain of sentiment analysis and consumer preferences. Relying on the CF, the model accumulates valuable data about user-item interactions, and BiLSTM networks process the text, employing information from the surrounding context. The model utilizes a hybrid selfattention mechanism that automatically assigns weights based on the importance of words in user reviews; this allows it to focus on the main features and improve understanding of sentiments. Moreover, applying incentive learning lets the model adapt and optimize recommendations based on changing user behaviors, leading to greater user satisfaction and engagement. In particular, the CCO-TLI model showcases significantly superior values with 98.03% accuracy, the lowest mean square error value of 1.42, 98.68% precision, 97.04% recall, and the smallest root mean squared error of 1.19 compared to existing models.","2024-08-20","2025-10-16 00:44:45","2025-10-16 00:44:45","2025-10-16 00:44:45","","","","","","Electron Commer Res","","","","","","","","en","","","","","DOI.org (Crossref)","","","","D:\ZoteroData\storage\JAHVIE2B\Abdalla et al. - 2024 - Hybrid self-attention BiLSTM and incentive learning-based collaborative filtering for e-commerce rec.pdf","","","","","","","","","","","","","","","","","","","","","","","","","","","","","","","","","","","","","","","","","","","","","","","","",""
"MU24GTQ7","journalArticle","2024","Kumar, Niranjan; Hanji, Bhagyashri R.","Combined sentiment score and star rating analysis of travel destination prediction based on user preference using morphological linear neural network model with correlated topic modelling approach","Multimedia Tools and Applications","","1573-7721","10.1007/s11042-023-17995-y","https://link.springer.com/10.1007/s11042-023-17995-y","In the context of a globalized world where travel enthusiasts seek personalized recommendations for their favourite destinations, the study delves into sentiment analysis and travel recommendation systems. While previous research has explored various aspects of tourism destination selection, this work explores the use of star ratings to create sentiment lexicons tailored to specific domains. However, a notable limitation is the absence of a comprehensive investigation into the effectiveness of sentiment analysis techniques, in conjunction with star ratings, in accurately capturing review sentiment. This article aims to address this limitation by introducing a novel model that combines explicit sentiment scores and star ratings to predict optimal travel destinations based on user preferences. The model collects data from TripAdvisor but faces challenges related to noisy and non-informative elements such as HTML tags. To streamline the categorization process, preprocessing techniques like tokenization, stemming, and stop-word removal are applied. The study leverages Latent Dirichlet Allocation (LDA) topic modelling to extract user choice topics from the collected review data. Additionally, Correlated Topic Modeling (CTM) is employed to capture correlations between latent topics. The Morphological Linear Neural Network (MLNN) model is introduced to generate sentiment scores for textual content. These scores are then combined with star ratings from reviews to determine the most suitable destination. Furthermore, the study predicts average cumulative ratings by considering projected emotion scores and star ratings through the cumulative gain model. Implementation is carried out using Python software on a dataset comprising 67,871 samples. Evaluation metrics, including an F1-score of 89%, precision of 86%, and recall of 87%, indicate high performance in sentiment classification. The model exhibits an accuracy of approximately 95% and an RMSE value of 0.287, affirming its efficiency in polarity classification. Comparative analyses against state-of-the-art methods demonstrate the proposed model’s superiority in terms of accuracy, precision, and recall. The practical implications of this model are underscored by its successful implementation and impressive evaluation results, highlighting its potential for enhancing personalized travel recommendations.","2024-01-10","2025-10-16 00:44:49","2025-10-16 00:44:49","2025-10-16 00:44:49","61347-61378","","22","83","","Multimed Tools Appl","","","","","","","","en","","","","","DOI.org (Crossref)","","","","D:\ZoteroData\storage\H9FPDTHN\Kumar and Hanji - 2024 - Combined sentiment score and star rating analysis of travel destination prediction based on user pre.pdf","","","","","","","","","","","","","","","","","","","","","","","","","","","","","","","","","","","","","","","","","","","","","","","","",""
"YMJ7ZE7J","journalArticle","2025","Ayadi, Manal; Rahman, Atta Ur; Ksisbi, Amel; Alhayan, Fatimah; Khan, Salam Ullah","Improving M-Health applications recommendation using fine-tune graph neural networks","Cluster Computing","","1386-7857, 1573-7543","10.1007/s10586-024-05063-5","https://link.springer.com/10.1007/s10586-024-05063-5","The mobile industry is one of the skyrocketing industries of the modern age. Many people rely on using mobile applications in their daily lives. Healthcare facilities are not uniformly available everywhere. To get quick help in some situations, people consult Mobile Health (M-Health) applications. On different mobile app stores, M-Health applications are growing rapidly. Users often face problems in finding the most appropriate application. App descriptions, ratings, and reviews are the only sources to find users’ reviews about certain applications. Users read the text to decide whether to use or skip the application. A sentiment analysis can be used to give the users a fast assessment. Clients’ experiences may also be made better through recommender systems, which can make it easier to find applications that are relevant to them. We propose a novel framework that employs a Graph Neural Network (GNNs) algorithm to develop a recommender system for M-Health applications. The proposed system will help the users to choose the most appropriate application from the entire list. This will also help the software communities to make innovations in the current application by providing users feedback. In order to validate the model performance, the proposed work is tested on custom-built and benchmark datasets, which achieved 97.5% and 98.3% respectively. The proposed work outperforms closely related state-of-the-art works.","2025-09","2025-10-16 00:44:54","2025-10-16 00:44:54","2025-10-16 00:44:54","373","","6","28","","Cluster Comput","","","","","","","","en","","","","","DOI.org (Crossref)","","","","D:\ZoteroData\storage\2JU2YI6A\Ayadi et al. - 2025 - Improving M-Health applications recommendation using fine-tune graph neural networks.pdf","","","","","","","","","","","","","","","","","","","","","","","","","","","","","","","","","","","","","","","","","","","","","","","","",""
"A5QMQ9SZ","journalArticle","2025","Wang, Qingshuai; Wang, Jiahao; Ibrahim, Noor Farizah","SentiEntityRec: Entity-level sentiment perception graph neural network for news recommendation","Journal of King Saud University Computer and Information Sciences","","1319-1578, 2213-1248","10.1007/s44443-025-00087-2","https://link.springer.com/10.1007/s44443-025-00087-2","Precise news recommendations are critical in today’s digital landscape. However, conventional approaches overlook ﬁnegrained sentiment nuances associated with individual entities in news content. This paper presents SentiEntityRec, a novel graph neural network framework that enriches traditional entity embeddings using a global graph-enhanced model by incorporating sentiment vectors. Experiments conducted with MIND datasets have shown that SentiEntityRec surpasses existing models in key performance metrics. For example, the proposed model improves +0.5% AUC over GLoCIM. These results underscore the superior efﬁcacy of incorporating entity-sentiment analysis into graph-based news recommendation systems.","2025-07","2025-10-16 00:44:58","2025-10-16 00:44:58","2025-10-16 00:44:58","80","","5","37","","J. King Saud Univ. Comput. Inf. Sci.","SentiEntityRec","","","","","","","en","","","","","DOI.org (Crossref)","","","","D:\ZoteroData\storage\BM4DGYQT\Wang et al. - 2025 - SentiEntityRec Entity-level sentiment perception graph neural network for news recommendation.pdf","","","","","","","","","","","","","","","","","","","","","","","","","","","","","","","","","","","","","","","","","","","","","","","","",""
"K3NH28C8","journalArticle","2025","Abakarim, Sana; Qassimi, Sara; Rakrak, Said","Emotion and sentiment enriched decision transformer for personalized recommendations","Scientific Reports","","2045-2322","10.1038/s41598-025-06386-y","https://www.nature.com/articles/s41598-025-06386-y","","2025-07-01","2025-10-16 00:45:02","2025-10-16 00:45:02","2025-10-16 00:45:02","21020","","1","15","","Sci Rep","","","","","","","","en","","","","","DOI.org (Crossref)","","","","D:\ZoteroData\storage\JVCBQZFZ\Abakarim et al. - 2025 - Emotion and sentiment enriched decision transformer for personalized recommendations.pdf","","","","","","","","","","","","","","","","","","","","","","","","","","","","","","","","","","","","","","","","","","","","","","","","",""
"YM7MB3FR","journalArticle","2025","Chang, Shuyun; Yang, Yang","Deep hybrid framework of BERT and knowledge graph for personalized POI recommendations in social networks","Electronic Commerce Research","","1389-5753, 1572-9362","10.1007/s10660-025-10034-y","https://link.springer.com/10.1007/s10660-025-10034-y","Personalized recommendation systems are essential for enhancing user experiences on social networks, particularly in Point of Interest (POI) recommendations for tourists navigating unfamiliar regions. Existing sequential models often rely on unidirectional architectures, limiting their ability to capture comprehensive contextual information and dynamic user preferences. This paper proposes BERT-KGRec, a hybrid recommendation framework combining Bidirectional Encoder Representations from Transformers (BERT) and a knowledge graph for contextualized POI recommendations. BERT captures semantic and contextual data from user-generated posts, while the knowledge graph enriches recommendations with relational and contextual insights. Sentiment analysis of user posts further refines preference modeling, and demographic data integration addresses the cold-start problem. Experimental evaluations on real-world datasets from Flickr and Yelp demonstrate significant improvements in measurements like NDCG, F1-Score, MAP, and RMSE in contrast to cutting-edge techniques, highlighting the model’s potential in delivering accurate, personalized, and context-aware recommendations.","2025-09-23","2025-10-16 00:45:07","2025-10-16 00:45:07","2025-10-16 00:45:07","","","","","","Electron Commer Res","","","","","","","","en","","","","","DOI.org (Crossref)","","","","D:\ZoteroData\storage\M7PXAALQ\Chang and Yang - 2025 - Deep hybrid framework of BERT and knowledge graph for personalized POI recommendations in social net.pdf","","","","","","","","","","","","","","","","","","","","","","","","","","","","","","","","","","","","","","","","","","","","","","","","",""
"MUHPQEHA","journalArticle","2024","Noorian, Ali","Integrating user reviews and risk factors from social networks in a multi-objective recommender system","Electronic Commerce Research","","1389-5753, 1572-9362","10.1007/s10660-024-09944-0","https://link.springer.com/10.1007/s10660-024-09944-0","With the rapid expansion of location-based social networks, the significance of recommendations for tours and activities has grown significantly. However, many recommender systems overlook the valuable insights embedded in user reviews, thereby missing out on potential improvements. By incorporating review text into the recommendation process, it is possible to enhance the performance of recommender systems and tackle the Cold Start problem. In this study, a novel personalized method for recommending Points of Interest (POI) trips based on user reviews is proposed. The approach leverages a transformer model to extract semantic correlations in a multitask-learning setting, enabling predictions on crime rates and traffic flow at various POIs. Additionally, an LSTM network is employed to identify similar users based on their feedback, thereby overcoming data scarcity and the Cold Start issue. Moreover, this method incorporates multifaceted contextual information to determine user preferences accurately. Finally, a neural hybrid framework mines personalized POIs in a sequential pattern and integrates them into the recommendation process to identify the most efficient trip candidates. The proposed methodology is evaluated using datasets from Yelp, Gowalla, and Tripadvisor, and its superior performance is demonstrated across multiple evaluation metrics, including MAP, NDCG, RMSE, and F-Score.","2024-12-26","2025-10-16 00:45:09","2025-10-16 00:45:10","2025-10-16 00:45:09","","","","","","Electron Commer Res","","","","","","","","en","","","","","DOI.org (Crossref)","","","","D:\ZoteroData\storage\AUKVQZZE\Noorian - 2024 - Integrating user reviews and risk factors from social networks in a multi-objective recommender syst.pdf","","","","","","","","","","","","","","","","","","","","","","","","","","","","","","","","","","","","","","","","","","","","","","","","",""
"5JACNILE","journalArticle","2023","Karabila, Ikram; Darraz, Nossayba; EL-Ansari, Anas; Alami, Nabil; EL Mallahi, Mostafa","BERT-enhanced sentiment analysis for personalized e-commerce recommendations","Multimedia Tools and Applications","","1573-7721","10.1007/s11042-023-17689-5","https://link.springer.com/10.1007/s11042-023-17689-5","Recommendation systems (RS) play a crucial role in enhancing conversion rates in e-commerce by offering personalized product recommendations based on customer preferences. However, traditional RS heavily rely on numerical ratings, which might not fully capture the subtle nuances of user preferences. To overcome this limitation, the integration of textual data, such as reviews using sentiment analysis (SA), has gained considerable signiﬁcance. Nevertheless, effectively analyzing and comprehending unstructured review data presents its own set of challenges. In this work, we propose a novel RS that synergizes collaborative ﬁltering with sentiment analysis to deliver precise and individualized recommendations. Our approach encompasses three main steps: (1) Developing a BERT ﬁne-tuned model for accurate sentiment classiﬁcation, (2) Creating a hybrid collaborative ﬁltering-based Recommendation Model, and (3) Improving the product selection process in the RS using BERT insights for enhanced recommendation accuracy in the e-commerce domain. Notably, our SA model exhibits remarkable accuracy, achieving 91%, and outperforming state-of-theart models on a benchmark dataset. Through extensive experimentation and evaluation, we demonstrate that our method signiﬁcantly improves the accuracy and personalization of the RS, thereby providing customers with a tailored and reliable recommendation service in the e-commerce domain.","2023-12-12","2025-10-16 00:45:13","2025-10-16 00:45:13","2025-10-16 00:45:13","56463-56488","","19","83","","Multimed Tools Appl","","","","","","","","en","","","","","DOI.org (Crossref)","","","","D:\ZoteroData\storage\K2YZCIX9\Karabila et al. - 2023 - BERT-enhanced sentiment analysis for personalized e-commerce recommendations.pdf","","","","","","","","","","","","","","","","","","","","","","","","","","","","","","","","","","","","","","","","","","","","","","","","",""
"HZEDCK86","journalArticle","2025","Liu, Fengjin; Cao, Qiong; Huang, Xianying; Liu, Huaiyu","Sentimentally enhanced conversation recommender system","Complex & Intelligent Systems","","2199-4536, 2198-6053","10.1007/s40747-024-01766-9","https://link.springer.com/10.1007/s40747-024-01766-9","Conversation recommender system (CRS) aims to provide high-quality recommendations to users in fewer conversation turns. Existing studies often rely on knowledge graphs to enhance the representation of entity information. However, these methods tend to overlook the inherent incompleteness of knowledge graphs, making it challenging for models to fully capture users’ true preferences. Additionally, they fail to thoroughly explore users’ emotional tendencies toward entities or effectively differentiate the varying impacts of different entities on user preferences. Furthermore, the responses generated by the dialogue module are often monotonous, lacking diversity and expressiveness, and thus fall short of meeting the demands of complex scenarios. To address these shortcomings, we propose an innovative Sentimentally Enhanced Conversation Recommender System (SECR). First, we construct a comprehensive and highly optimized knowledge graph, termed MAKG, which provides a rich and complete set of entities to help the model capture user preferences more holistically. This signiﬁcantly improves the inference depth and decision accuracy of the recommender system. Second, by deeply analyzing the emotional semantics in dialogues, the system accurately identiﬁes users’ emotional tendencies toward entities and recommends those that best align with their preferences. To reﬁne the recommendation strategy, we design an emotional weighting mechanism to quantify and distinguish the importance of different entities in shaping user preferences. Lastly, we develop an efﬁcient text ﬁlter to extract movie introductions from external data sources and integrate them into the dialogue, greatly enhancing the diversity and semantic richness of the generated responses. Extensive experimental results on two public CRS datasets demonstrate the effectiveness of our approach. Our code is released on https://github.com/Janns0916/EECR.","2025-02","2025-10-16 00:45:16","2025-10-16 00:45:16","2025-10-16 00:45:16","135","","2","11","","Complex Intell. Syst.","","","","","","","","en","","","","","DOI.org (Crossref)","","","","D:\ZoteroData\storage\Q5W4NLAE\Liu et al. - 2025 - Sentimentally enhanced conversation recommender system.pdf","","","","","","","","","","","","","","","","","","","","","","","","","","","","","","","","","","","","","","","","","","","","","","","","",""
"LDPLYN9J","journalArticle","2025","Krishna, E. S. Phalguna; Ramu, T. Bhargava; Chaitanya, R. Krishna; Ram, M. Sitha; Balayesu, Narasimhula; Gandikota, Hari Prasad; Jagadesh, B. N.","Enhancing E-commerce recommendations with sentiment analysis using MLA-EDTCNet and collaborative filtering","Scientific Reports","","2045-2322","10.1038/s41598-025-91275-7","https://www.nature.com/articles/s41598-025-91275-7","","2025-02-25","2025-10-16 00:45:20","2025-10-16 00:45:20","2025-10-16 00:45:20","6739","","1","15","","Sci Rep","","","","","","","","en","","","","","DOI.org (Crossref)","","","","D:\ZoteroData\storage\VWVMRY68\Krishna et al. - 2025 - Enhancing E-commerce recommendations with sentiment analysis using MLA-EDTCNet and collaborative fil.pdf","","","","","","","","","","","","","","","","","","","","","","","","","","","","","","","","","","","","","","","","","","","","","","","","",""
"WVYPZMEM","journalArticle","2025","Zhang, Vince Wanhao; Wang, Guansu; Arshad, Noreen Izza; Nguyen, Quang; Xia, Mengyao; Innab, Nisreen","Advancing consumer insights: efficient sentiment analysis-based recommendation system using multi-criteria decision making with a game theoretic approach","Annals of Operations Research","","0254-5330, 1572-9338","10.1007/s10479-024-06403-9","https://link.springer.com/10.1007/s10479-024-06403-9","Hybrid recommender systems use advanced algorithms to learn from heterogeneous data sources and give consumers customized recommendations. User preferences (like ratings or reviews) and item content (like description or category) are two examples of the data that might be included. In earlier research on recommender systems, user feedback, or ""ratings,"" was primarily used to construct user proﬁles and assess recommendation quality. Even if ratings are helpful, they might not give a complete picture of users’ preferences. On the other hand, some feedback data—such as reviews and the emotions they convey—represent people and their preferences in a different or complementary way. Such information might highlight signiﬁcant aspects of a user’s proﬁle that aren’t always associated with user ratings; as a result, it may show a different aspect of the user. In this study, we provide a novel hybrid recommender system that analyzes heterogeneous data sources, such as user ratings and feelings gleaned from reviews, using sophisticated algorithms. Our method uses sentiment analysis to capture a more nuanced perspective of user preferences, in contrast to standard systems that build user proﬁles solely based on ratings. We employed sophisticated algorithms to provide recommendations for users who can incorporate extra data, such as the sentiment of the review. Our investigations revealed that in some cases (such as the music industry), the opinions expressed in user reviews do not always strongly correspond with the ratings. This suggests that emotion may represent a distinct facet of user preferences and serve as a substitute for other user feedback.","2025-01-03","2025-10-16 00:45:23","2025-10-16 00:45:23","2025-10-16 00:45:23","","","","","","Ann Oper Res","Advancing consumer insights","","","","","","","en","","","","","DOI.org (Crossref)","","","","D:\ZoteroData\storage\45F4RBDA\Zhang et al. - 2025 - Advancing consumer insights efficient sentiment analysis-based recommendation system using multi-cr.pdf","","","","","","","","","","","","","","","","","","","","","","","","","","","","","","","","","","","","","","","","","","","","","","","","",""
"DLPDX7IF","journalArticle","2024","Singh, Tinku; Rajput, Vinarm; Sharma, Nikhil; Satakshi; Kumar, Manish","Sentiment analysis based distributed recommendation system","Multimedia Tools and Applications","","1573-7721","10.1007/s11042-023-18081-z","https://link.springer.com/10.1007/s11042-023-18081-z","The recommendation system assists in selecting the best product among the millions of products available on various e-commerce sites. An effective recommendation system can save the user’s time while looking for a suitable product. People are spending more time on the internet these days, and their interests vary over time; as a result, their preference data is accumulating at a rapid pace. The recommendation algorithms should be scalable enough to process this large-scale data efﬁciently. It should also preserve the relationship between time and user preferences. Matrix factorization is a useful technique in this case. It is, however, dependent on the users’ previous transactions and confronts data sparsity and scalability issues. In this study, we proposed a recommendation model utilizing distributed alternating least square matrix factorization that incorporates product ratings along with user reviews. It utilizes the up-vote technique to justify user reviews and the weighted rating normalization approach to assign a normalized rating to the reviews, which helps in improving recommendations. The proposed method is scalable enough to efﬁciently process the large amount of data generated due to user reviews and ratings. Extensive experiments were performed to validate the outcomes on the well-known Amazon reviews dataset utilizing the Apache Spark cluster. The proposed methodology outperformed state-of-the-art models in product recommendations, achieving an average precision of 89.1% and an average recall of 84.1%.","2024-01-24","2025-10-16 00:45:26","2025-10-16 00:45:26","2025-10-16 00:45:26","66539-66563","","25","83","","Multimed Tools Appl","","","","","","","","en","","","","","DOI.org (Crossref)","","","","D:\ZoteroData\storage\LQMHBYZH\Singh et al. - 2024 - Sentiment analysis based distributed recommendation system.pdf","","","","","","","","","","","","","","","","","","","","","","","","","","","","","","","","","","","","","","","","","","","","","","","","",""
"QSRPYY3K","journalArticle","2025","Liu, Fan; Liu, Yaqi; Chen, Huilin; Cheng, Zhiyong; Nie, Liqiang; Kankanhalli, Mohan","Understanding Before Recommendation: Semantic Aspect-Aware Review Exploitation via Large Language Models","ACM Transactions on Information Systems","","1046-8188, 1558-2868","10.1145/3704999","https://dl.acm.org/doi/10.1145/3704999","Recommendation systems harness user–item interactions like clicks and reviews to learn their representations. Previous studies improve recommendation accuracy and interpretability by modeling user preferences across various aspects and intents. However, the aspects and intents are inferred directly from user reviews or behavior patterns, suffering from the data noise and the data sparsity problem. Furthermore, it is difficult to understand the reasons behind recommendations due to the challenges of interpreting implicit aspects and intents. To address these constraints, we harness the sentiment analysis capabilities of Large Language Models (LLMs) to enhance the accuracy and interpretability of the conventional recommendation methods. Specifically, inspired by the deep semantic understanding offered by LLMs, we introduce a chain-based prompting strategy to uncover semantic aspect-aware interactions, which provide clearer insights into user behaviors at a fine-grained semantic level. To incorporate the rich interactions of various aspects, we propose the simple yet effective Semantic Aspect-Based Graph Convolution Network (SAGCN). By performing graph convolutions on multiple semantic aspect graphs, SAGCN efficiently combines embeddings across multiple semantic aspects for final user and item representations. The effectiveness of the SAGCN was evaluated on four publicly available datasets through extensive experiments, which revealed that it outperforms all other competitors. Furthermore, interpretability analysis experiments were conducted to demonstrate the interpretability of incorporating semantic aspects into the model.","2025-03-31","2025-10-16 00:45:29","2025-10-16 00:45:29","2025-10-16 00:45:29","1-26","","2","43","","ACM Trans. Inf. Syst.","Understanding Before Recommendation","","","","","","","en","","","","","DOI.org (Crossref)","","","","D:\ZoteroData\storage\XI56P3SC\Liu et al. - 2025 - Understanding Before Recommendation Semantic Aspect-Aware Review Exploitation via Large Language Mo.pdf","","","","","","","","","","","","","","","","","","","","","","","","","","","","","","","","","","","","","","","","","","","","","","","","",""
"DCM7DA9H","journalArticle","2024","Wu, Xuansheng; Wan, Hanqin; Tan, Qiaoyu; Yao, Wenlin; Liu, Ninghao","DIRECT: Dual Interpretable Recommendation with Multi-aspect Word Attribution","ACM Transactions on Intelligent Systems and Technology","","2157-6904, 2157-6912","10.1145/3663483","https://dl.acm.org/doi/10.1145/3663483","Recommending products to users with intuitive explanations helps improve the system in transparency, persuasiveness, and satisfaction. Existing interpretation techniques include               post hoc               methods and interpretable modeling. The former category could quantitatively analyze input contribution to model prediction but has limited interpretation faithfulness, while the latter could explain model internal mechanisms but may not directly attribute model predictions to input features. In this study, we propose a novel Dual Interpretable Recommendation model called DIRECT, which integrates ideas of the two interpretation categories to inherit their advantages and avoid limitations. Specifically, DIRECT makes use of item descriptions as explainable evidence for recommendation. First, similar to the               post hoc               interpretation, DIRECT could attribute the prediction of a user preference score to textual words of the item descriptions. The attribution of each word is related to its sentiment polarity and word importance, where a word is important if it corresponds to an item aspect that the user is interested in. Second, to improve the interpretability of embedding space, we propose to extract high-level concepts from embeddings, where each concept corresponds to an item aspect. To learn discriminative concepts, we employ a concept bottleneck layer and maximize the coding rate reduction on word-aspect embeddings by leveraging a word–word affinity graph extracted from a pre-trained language model. In this way, DIRECT simultaneously achieves faithful attribution and usable interpretation of embedding space. We also show that DIRECT achieves linear inference time complexity regarding the length of item reviews. We conduct experiments including ablation studies on five real-world datasets. Quantitative analysis, visualizations, and case studies verify the interpretability of DIRECT. Our code is available at:               https://github.com/JacksonWuxs/DIRECT               .","2024-10-31","2025-10-16 00:45:33","2025-10-16 00:45:33","2025-10-16 00:45:33","1-21","","5","15","","ACM Trans. Intell. Syst. Technol.","DIRECT","","","","","","","en","","","","","DOI.org (Crossref)","","","","D:\ZoteroData\storage\C6XZ6H33\Wu et al. - 2024 - DIRECT Dual Interpretable Recommendation with Multi-aspect Word Attribution.pdf","","","","","","","","","","","","","","","","","","","","","","","","","","","","","","","","","","","","","","","","","","","","","","","","",""
"TERJXUHX","journalArticle","2023","Geng, He; Peng, Wenjing; Shan, Xiaojun Gene; Song, Cen","A hybrid recommendation algorithm for green food based on review text and review time","CyTA - Journal of Food","","1947-6337, 1947-6345","10.1080/19476337.2023.2215844","https://www.tandfonline.com/doi/full/10.1080/19476337.2023.2215844","Green food is well-known for its health benefits, environmental-friendliness, and safety. Current recommender systems used by e-commerce websites usually recommend products based on products' popularity or customers' ratings. However, users' reviews could be more representative of consumers' preferences. In addition, users' review time is not utilized. To reduce the recommendation bias, this study proposes a hybrid recommendation algorithm based on green food reviews and review time. The proposed algorithm combines a content-based recommendation algorithm with a user-based collaborative filtering approach, where affective values of reviews replace ratings and a time impact factor is considered. With the two classical evaluation indices of F1 and Mean Absolute Error (MAE), the experiments show that considering both reviews’ sentiments and dynamic changes of individuals’ preferences could improve recommendation effectiveness over three other algorithms, which provides a new reference direction for improving existing recommender systems on green food.","2023-12-31","2025-10-16 00:45:37","2025-10-16 00:45:37","2025-10-16 00:45:37","481-492","","1","21","","CyTA - Journal of Food","","","","","","","","en","","","","","DOI.org (Crossref)","","","","D:\ZoteroData\storage\M8QTSPIT\Geng et al. - 2023 - A hybrid recommendation algorithm for green food based on review text and review time.pdf","","","","","","","","","","","","","","","","","","","","","","","","","","","","","","","","","","","","","","","","","","","","","","","","",""
"3MMX2LB8","journalArticle","2024","Nguyen, Thon-Da","An approach to improve the accuracy of rating prediction for recommender systems","Automatika","","0005-1144, 1848-3380","10.1080/00051144.2023.2284026","https://www.tandfonline.com/doi/full/10.1080/00051144.2023.2284026","Sentiment analysis is critical for classifying users on social media and reviewing products through comments and reviews. At the same time, rating prediction is a popular and valuable topic in research on recommendation systems. This study improves the accuracy of ratings in recommendation systems through the combination of rating prediction and sentiment analysis from customer reviews. New ratings have been generated based on original ratings and sentiment analysis. Experimental results show that in almost all cases, revised ratings using a deep learningbased algorithm called LightGCN on 7 various real-life datasets improve rating prediction. In particular, rating prediction metrics (RMSE and MAE, R2, and explained variance) of the proposed approach (with revised ratings) are better than those of the typical approach (with unrevised ratings). Furthermore, evaluating ranking metrics (also top-k item recommendation metrics) for this model also shows that our proposed approach (with revised ratings) is much more effective than the original approach (with unrevised ratings). Our significant contribution to this research is to propose a better rating prediction model that uses a supplement factor sentiment score to enhance the accuracy of rating prediction.","2024-01-02","2025-10-16 00:45:40","2025-10-16 00:45:40","2025-10-16 00:45:40","58-72","","1","65","","Automatika","","","","","","","","en","","","","","DOI.org (Crossref)","","","","D:\ZoteroData\storage\Y3J9FF4I\Nguyen - 2024 - An approach to improve the accuracy of rating prediction for recommender systems.pdf","","","","","","","","","","","","","","","","","","","","","","","","","","","","","","","","","","","","","","","","","","","","","","","","",""
"J3WJNIMQ","journalArticle","2023","Berkani, Lamia; Boudjenah, Nassim","S-SNHF: sentiment based social neural hybrid filtering","International Journal of General Systems","","0308-1079, 1563-5104","10.1080/03081079.2023.2200248","https://www.tandfonline.com/doi/full/10.1080/03081079.2023.2200248","","2023-04-03","2025-10-16 00:45:43","2025-10-16 00:45:43","2025-10-16 00:45:43","297-325","","3","52","","International Journal of General Systems","S-SNHF","","","","","","","en","","","","","DOI.org (Crossref)","","","","D:\ZoteroData\storage\CX3GGJXP\Berkani and Boudjenah - 2023 - S-SNHF sentiment based social neural hybrid filtering.pdf","","","","","","","","","","","","","","","","","","","","","","","","","","","","","","","","","","","","","","","","","","","","","","","","",""
"MECU4AUT","journalArticle","2024","Thomas, Roshy; Jeba, J. R.","A novel framework for an intelligent deep learning based product recommendation system using sentiment analysis (SA)","Automatika","","0005-1144, 1848-3380","10.1080/00051144.2023.2295148","https://www.tandfonline.com/doi/full/10.1080/00051144.2023.2295148","Social media and e-commerce are the two most prominent and quickly expanding industries today. These two areas exhibit the greatest influence on platform users. Numerous new people sign up for these networks on a daily basis. This platform offers extremely quick user networking and communication. These platforms are used to create an online product-based recommender system that will help grow online business by recommending products. Online product recommendations are entirely dependent on the views, feedback, and comments of consumers. Online recommender systems have become a regular part of consumers’ everyday routines, with their widespread use observed in e-commerce, social networking platforms, and news websites. This paper offers a novel framework for product recommendation based on sentiment analysis (SA) and collaborative filtering (CF). The SA was performed using an LSTM-based model. On the basis of CF, two distinct recommendation systems were built. The proposed SA model was integrated with the best recommendation system to enhance the recommendations. The experimental findings showed that the proposed system for product recommendation outperformed the existing methods. The outcomes demonstrated the potential of combining CF and SA to improve consumer satisfaction and product recommendation in e-commerce systems.","2024-04-02","2025-10-16 00:45:46","2025-10-16 00:45:46","2025-10-16 00:45:46","410-424","","2","65","","Automatika","","","","","","","","en","","","","","DOI.org (Crossref)","","","","D:\ZoteroData\storage\3Z3BZHN5\Thomas and Jeba - 2024 - A novel framework for an intelligent deep learning based product recommendation system using sentime.pdf","","","","","","","","","","","","","","","","","","","","","","","","","","","","","","","","","","","","","","","","","","","","","","","","",""
"ENA4XA6Y","journalArticle","2025","Darraz, Nossayba; Karabila, Ikram; El-Ansari, Anas; Alami, Nabil; El Mallahi, Mostafa","Integrated sentiment analysis with BERT for enhanced hybrid recommendation systems","Expert Systems with Applications","","09574174","10.1016/j.eswa.2024.125533","https://linkinghub.elsevier.com/retrieve/pii/S095741742402400X","Recommendation systems play a crucial role in assisting users by providing personalized suggestions based on their preferences. However, these systems often face challenges such as data sparsity, cold start user issues, and overlooking the critical aspect of user sentiment. To address these limitations, this study integrates sentiment analysis into recommendation systems using a dataset from Yelp, focusing on two domains: restaurants and hotels. We conduct preprocessing tasks to facilitate sentiment analysis and leverage the power of BERT, achieving an accuracy rate of 90% for the restaurant domain and 87% for the hotel domain. We then incorporate the sentiment analysis component into collaborative filtering, utilizing model-based deep matrix factorization, and significantly reduce the root mean square error (RMSE) to 0.1 for the restaurant domain and 0.1186 for the hotel domain. Additionally, we integrate sentiment analysis into content-based recommendation using clustering, resulting in improved recommendations with a higher silhouette score of 0.533 for the restaurant domain and 0.42 for the hotel domain. To further enhance system performance, we propose a novel approach that combines these sentiment-aware components using NMF with DecisionTreeRegressor, achieving an even lower RMSE of 0.02 for the restaurant domain and 0.01 for the hotel domain. This integration of sentiment analysis into the recommendation system demonstrates its effectiveness in improving accuracy and personalization, providing users with more meaningful and relevant recommendations based on their sentiments. However, challenges such as data sparsity, cold start problems for new users, and other limitations remain, warranting further research to mitigate these challenges for a more robust recommendation system.","2025-02","2025-10-16 00:45:50","2025-10-16 00:45:50","2025-10-16 00:45:50","125533","","","261","","Expert Systems with Applications","","","","","","","","en","","","","","DOI.org (Crossref)","","","","D:\ZoteroData\storage\V5X26WJC\Darraz et al. - 2025 - Integrated sentiment analysis with BERT for enhanced hybrid recommendation systems.pdf","","","","","","","","","","","","","","","","","","","","","","","","","","","","","","","","","","","","","","","","","","","","","","","","",""
"EBMEES49","journalArticle","2020","Mengist, Wondimagegn; Soromessa, Teshome; Legese, Gudina","Method for conducting systematic literature review and meta-analysis for environmental science research","MethodsX","","22150161","10.1016/j.mex.2019.100777","https://linkinghub.elsevier.com/retrieve/pii/S221501611930353X","","2020","2025-10-16 10:12:34","2025-10-16 10:12:34","2025-10-16 10:12:34","100777","","","7","","MethodsX","","","","","","","","en","","","","","DOI.org (Crossref)","","","","D:\ZoteroData\storage\D7UTYWXH\Mengist et al. - 2020 - Method for conducting systematic literature review and meta-analysis for environmental science resea.pdf","","","","","","","","","","","","","","","","","","","","","","","","","","","","","","","","","","","","","","","","","","","","","","","","",""
"C3KNXVPA","journalArticle","2022","Morelli, Matteo; Casagrande, Maria; Forte, Giuseppe","Decision Making: a Theoretical Review","Integrative Psychological and Behavioral Science","","1932-4502, 1936-3567","10.1007/s12124-021-09669-x","https://link.springer.com/10.1007/s12124-021-09669-x","","2022-09","2025-11-12 15:02:41","2025-11-12 15:02:41","2025-11-12 15:02:41","609-629","","3","56","","Integr. psych. behav.","Decision Making","","","","","","","en","","","","","DOI.org (Crossref)","","","","","","","","","","","","","","","","","","","","","","","","","","","","","","","","","","","","","","","","","","","","","","","","","","","","",""
"V9LIXHE8","journalArticle","2023","Graf, Benedikt; Antoni, Conny H.","Drowning in the flood of information: a meta-analysis on the relation between information overload, behaviour, experience, and health and moderating factors","European Journal of Work and Organizational Psychology","","1359-432X, 1464-0643","10.1080/1359432X.2022.2118051","https://www.tandfonline.com/doi/full/10.1080/1359432X.2022.2118051","","2023-03-04","2025-11-12 15:13:43","2025-11-12 15:13:43","2025-11-12 15:13:43","173-198","","2","32","","European Journal of Work and Organizational Psychology","Drowning in the flood of information","","","","","","","en","","","","","DOI.org (Crossref)","","","","","","","","","","","","","","","","","","","","","","","","","","","","","","","","","","","","","","","","","","","","","","","","","","","","",""
"ZH4DY6S3","journalArticle","2024","Chen, Yi-Cheng; Lee, Wang-Chien","An Evolving Preference-Based Recommendation System","IEEE Transactions on Emerging Topics in Computational Intelligence","","2471-285X","10.1109/TETCI.2023.3343998","https://ieeexplore.ieee.org/document/10376158/","","2024-04","2025-11-12 15:19:03","2025-11-12 15:19:03","2025-11-12 15:19:03","1118-1124","","2","8","","IEEE Trans. Emerg. Top. Comput. Intell.","","","","","","","","","https://ieeexplore.ieee.org/Xplorehelp/downloads/license-information/IEEE.html","","","","DOI.org (Crossref)","","","","","","","","","","","","","","","","","","","","","","","","","","","","","","","","","","","","","","","","","","","","","","","","","","","","",""
"66W6EKMU","journalArticle","2024","Saifudin, Ilham; Widiyaningtyas, Triyanna","Systematic Literature Review on Recommender System: Approach, Problem, Evaluation Techniques, Datasets","IEEE Access","","2169-3536","10.1109/ACCESS.2024.3359274","https://ieeexplore.ieee.org/document/10415424/","","2024","2025-11-12 15:27:02","2025-11-12 15:27:02","2025-11-12 15:27:02","19827-19847","","","12","","IEEE Access","Systematic Literature Review on Recommender System","","","","","","","","https://creativecommons.org/licenses/by-nc-nd/4.0/","","","","DOI.org (Crossref)","","","","D:\ZoteroData\storage\7WTKZG2P\Saifudin and Widiyaningtyas - 2024 - Systematic Literature Review on Recommender System Approach, Problem, Evaluation Techniques, Datase.pdf","","","","","","","","","","","","","","","","","","","","","","","","","","","","","","","","","","","","","","","","","","","","","","","","",""
"RUBJJ93L","journalArticle","2020","Idrissi, Nouhaila; Zellou, Ahmed","A systematic literature review of sparsity issues in recommender systems","Social Network Analysis and Mining","","1869-5450, 1869-5469","10.1007/s13278-020-0626-2","http://link.springer.com/10.1007/s13278-020-0626-2","","2020-12","2025-11-12 15:56:48","2025-11-12 15:56:48","2025-11-12 15:56:48","15","","1","10","","Soc. Netw. Anal. Min.","","","","","","","","en","","","","","DOI.org (Crossref)","","","","","","","","","","","","","","","","","","","","","","","","","","","","","","","","","","","","","","","","","","","","","","","","","","","","",""
"FYF9B82R","journalArticle","2023","Yuan, Hongli; Hernandez, Alexander A.","User Cold Start Problem in Recommendation Systems: A Systematic Review","IEEE Access","","2169-3536","10.1109/ACCESS.2023.3338705","https://ieeexplore.ieee.org/document/10339320/","","2023","2025-11-12 16:01:08","2025-11-12 16:01:08","2025-11-12 16:01:08","136958-136977","","","11","","IEEE Access","User Cold Start Problem in Recommendation Systems","","","","","","","","https://creativecommons.org/licenses/by-nc-nd/4.0/","","","","DOI.org (Crossref)","","","","D:\ZoteroData\storage\T3YR97V2\Yuan and Hernandez - 2023 - User Cold Start Problem in Recommendation Systems A Systematic Review.pdf","","","","","","","","","","","","","","","","","","","","","","","","","","","","","","","","","","","","","","","","","","","","","","","","",""
"UU9FSBVZ","journalArticle","2024","Vy, Ho Thi Hoang; Pham-Nguyen, Cuong; Nam, Le Nguyen Hoai","Integrating textual reviews into neighbor-based recommender systems","Expert Systems with Applications","","09574174","10.1016/j.eswa.2024.123648","https://linkinghub.elsevier.com/retrieve/pii/S0957417424005141","","2024-09","2025-11-12 16:10:06","2025-11-12 16:10:06","2025-11-12 16:10:06","123648","","","249","","Expert Systems with Applications","","","","","","","","en","","","","","DOI.org (Crossref)","","","","","","","","","","","","","","","","","","","","","","","","","","","","","","","","","","","","","","","","","","","","","","","","","","","","",""
"4AU2QRJW","journalArticle","2024","Tiwary, Neeraj; Mohd Noah, Shahrul Azman; Fauzi, Fariza; Yee, Tan Siok","A Review of Explainable Recommender Systems Utilizing Knowledge Graphs and Reinforcement Learning","IEEE Access","","2169-3536","10.1109/ACCESS.2024.3422416","https://ieeexplore.ieee.org/document/10583886/","","2024","2025-11-12 16:21:44","2025-11-12 16:21:44","2025-11-12 16:21:44","91999-92019","","","12","","IEEE Access","","","","","","","","","https://creativecommons.org/licenses/by-nc-nd/4.0/","","","","DOI.org (Crossref)","","","","","","","","","","","","","","","","","","","","","","","","","","","","","","","","","","","","","","","","","","","","","","","","","","","","",""
"BQFSTW3B","journalArticle","2024","Widiyaningtyas, Triyanna; Ariyanto, Yuri","A systematic review of movie recommender systems","ITEGAM- Journal of Engineering and Technology for Industrial Applications (ITEGAM-JETIA","","24470228","10.5935/jetia.v10i47.1052","https://itegam-jetia.org/journal/index.php/jetia/article/view/1052","","2024","2025-11-12 17:27:42","2025-11-12 17:27:42","2025-11-12 17:27:42","","","47","10","","ITEGAM","","","","","","","","","","","","","DOI.org (Crossref)","","","","D:\ZoteroData\storage\WIGCELJ8\Widiyaningtyas and Ariyanto - 2024 - A systematic review of movie recommender systems.pdf","","","","","","","","","","","","","","","","","","","","","","","","","","","","","","","","","","","","","","","","","","","","","","","","",""
"VAFYAPQF","journalArticle","2025","Wu, Yongqing; Xing, Yu","Sequential Recommendation Based on Multi-Modal and Multi-Lingual","Engineering Letters","","","","","Sequential recommendation aims to predict and recommend the next item of interest based on a user’s historical behavior. Despite advancements in this field, current methods often focus on limited item co-occurrence patterns within a session and overlook the potential of rich multimodal information on a page. Moreover, they fail to consider the correlation between user behaviors and preferences across different languages. Existing methods treat user interests as static, inadequately capturing their dynamic nature. To address these challenges, we propose a novel sequential recommendation method that leverages both multi-modal and multi-lingual information (SRMML). Our approach employs a multi-modal fusion mechanism to enhance the representation of diverse information, embedding items as stochastic distributions that incorporate both mean and covariance embeddings. Additionally, we introduce a multi-lingual Gate Neural Unit to capture personalized user preferences across different languages. We also utilize a probabilistic model to describe the positional relationships of items, accurately simulating dynamic changes in user preferences and collaborative transitivity. Experiments on six real world datasets validate the effectiveness of our algorithm, demonstrating significant improvements over existing methods.","2025","2026-02-05 03:23:06","2026-05-13 02:18:33","","490-498","","2","33","","","","","","","","International Association of Engineers","","en","","","","","Zotero","","","","D:\ZoteroData\storage\RGRVAKGN\Wu and Xing - 2025 - Sequential Recommendation Based on Multi-Modal and Multi-Lingual.pdf","","","","","","","","","","","","","","","","","","","","","","","","","","","","","","","","","","","","","","","","","","","","","","","","",""